platform,content_id,aid,crawl_mode,user_name,user_id,comment_text,like_count,reply_count,comment_time,rpid,original_comment_text,clean_text,snow_score,rule_score,rule_sentiment_type,rule_reason,sentiment_score,sentiment_type,sentiment_reason,emotion_extreme_degree,influence_score,ai_reviewed,ai_sentiment_type,ai_sentiment_score,ai_reason,ai_confidence,judgment_source,ai_review_status
bilibili,BV1TpjQ6TEQz,116802608695925,hot,青色Am,2019398514,白鹿真的是超出我的理解了，很多明星被人讨厌是因为德不配位，但总还有一两项长处，没有特长至少有长相。白鹿不一样，长相一般、智商情商也不高、也没有演技、也不是什么自带背景的二代，反而非常的嚣张，到底为什么要捧这种人，实在是无法理解[藏狐],428,12,2026-06-24 10:56:48,306795738272,白鹿真的是超出我的理解了，很多明星被人讨厌是因为德不配位，但总还有一两项长处，没有特长至少有长相。白鹿不一样，长相一般、智商情商也不高、也没有演技、也不是什么自带背景的二代，反而非常的嚣张，到底为什么要捧这种人，实在是无法理解[藏狐],白鹿真的是超出我的理解了，很多明星被人讨厌是因为德不配位，但总还有一两项长处，没有特长至少有长相。白鹿不一样，长相一般、智商情商也不高、也没有演技、也不是什么自带背景的二代，反而非常的嚣张，到底为什么要捧这种人，实在是无法理解藏狐,0.999,0.999,正向,检测到转折句，优先分析转折后内容,0.999,正向,检测到转折句，优先分析转折后内容,0.499,213.572,False,正向,0.999,"AI复核失败，保留规则判断结果。错误信息：429 RESOURCE_EXHAUSTED. {'error': {'code': 429, 'message': 'You exceeded your current quota, please check your plan and billing details. For more information on this error, head to: https://ai.google.dev/gemini-api/docs/rate-limits. To monitor your current usage, head to: https://ai.dev/rate-limit. \n* Quota exceeded for metric: generativelanguage.googleapis.com/generate_content_free_tier_requests, limit: 5, model: gemini-2.5-flash\nPlease retry in 45.630972812s.', 'status': 'RESOURCE_EXHAUSTED', 'details': [{'@type': 'type.googleapis.com/google.rpc.Help', 'links': [{'description': 'Learn more about Gemini API quotas', 'url': 'https://ai.google.dev/gemini-api/docs/rate-limits'}]}, {'@type': 'type.googleapis.com/google.rpc.QuotaFailure', 'violations': [{'quotaMetric': 'generativelanguage.googleapis.com/generate_content_free_tier_requests', 'quotaId': 'GenerateRequestsPerMinutePerProjectPerModel-FreeTier', 'quotaDimensions': {'model': 'gemini-2.5-flash', 'location': 'global'}, 'quotaValue': '5'}]}, {'@type': 'type.googleapis.com/google.rpc.RetryInfo', 'retryDelay': '45s'}]}}",0.0,SnowNLP + 规则,AI复核失败，保留规则判断
bilibili,BV1TpjQ6TEQz,116802608695925,hot,L柠檬树下的阳光,253726095,怪不得喜欢和年轻男子玩呢，原来是老人味闻多了,202,0,2026-06-24 10:53:41,303682781121,怪不得喜欢和年轻男子玩呢，原来是老人味闻多了,怪不得喜欢和年轻男子玩呢，原来是老人味闻多了,0.7096,0.7096,正向,SnowNLP原始判断,0.7096,正向,SnowNLP原始判断,0.2096,42.3392,False,,,,,SnowNLP + 规则,未进入AI复核队列
bilibili,BV1TpjQ6TEQz,116802608695925,hot,山茶和花,317472786,生理不适的度过了如此难熬的19分钟,250,0,2026-06-24 10:28:07,303680854929,生理不适的度过了如此难熬的19分钟,生理不适的度过了如此难熬的19分钟,0.4449,0.4449,中立,SnowNLP原始判断,0.4449,中立,SnowNLP原始判断,0.05509999999999998,13.775,False,,,,,SnowNLP + 规则,未进入AI复核队列
bilibili,BV1TpjQ6TEQz,116802608695925,hot,克里斯蒂安沈,324957456,看到他说出xmg这三个字我就感觉这人脏的很,144,13,2026-06-24 10:30:00,306793583136,看到他说出xmg这三个字我就感觉这人脏的很,看到他说出xmg这三个字我就感觉这人脏的很,0.4032,0.4032,中立,SnowNLP原始判断,0.4032,中立,SnowNLP原始判断,0.0968,13.9392,False,,,,,SnowNLP + 规则,未进入AI复核队列
bilibili,BV1TpjQ6TEQz,116802608695925,hot,南枫似夏草i,479820301,这舌苔，嘴得老臭了[吃瓜],30,1,2026-06-24 15:49:26,306821432176,这舌苔，嘴得老臭了[吃瓜],这舌苔，嘴得老臭了吃瓜,0.0992,0.0992,负向,SnowNLP原始判断,0.0992,负向,SnowNLP原始判断,0.4008,12.024,False,,,,,SnowNLP + 规则,未进入AI复核队列
bilibili,BV1TpjQ6TEQz,116802608695925,hot,苏苏考甜蜜的研,599208156,没有吃过一点苦全走捷径 非男非女在中国大陆无法选中之人,83,0,2026-06-24 12:49:59,303693604033,没有吃过一点苦全走捷径 非男非女在中国大陆无法选中之人,没有吃过一点苦全走捷径 非男非女在中国大陆无法选中之人,0.8578,0.8578,正向,SnowNLP原始判断,0.8578,正向,SnowNLP原始判断,0.3578,29.6974,False,,,,,SnowNLP + 规则,未进入AI复核队列
bilibili,BV1TpjQ6TEQz,116802608695925,hot,地球没有氧气,327139365,娱乐圈有那么多神人，于正有很大的责任，所以什么时候能把于正封杀了,31,0,2026-06-24 17:06:26,303714151377,娱乐圈有那么多神人，于正有很大的责任，所以什么时候能把于正封杀了,娱乐圈有那么多神人，于正有很大的责任，所以什么时候能把于正封杀了,0.291,0.291,负向,SnowNLP原始判断,0.291,负向,SnowNLP原始判断,0.20900000000000002,6.479,False,,,,,SnowNLP + 规则,未进入AI复核队列
bilibili,BV1TpjQ6TEQz,116802608695925,hot,骂你猪比还要扇你猪脸,3537119913970303,于正每天照完镜子看谁都是惊为天人,996,10,2026-06-24 10:13:35,306792339568,于正每天照完镜子看谁都是惊为天人,于正每天照完镜子看谁都是惊为天人,0.9787,0.9787,正向,SnowNLP原始判断,0.9787,正向,SnowNLP原始判断,0.4787,476.7852,False,正向,0.9787,"AI复核失败，保留规则判断结果。错误信息：503 UNAVAILABLE. {'error': {'code': 503, 'message': 'This model is currently experiencing high demand. Spikes in demand are usually temporary. Please try again later.', 'status': 'UNAVAILABLE'}}",0.0,SnowNLP + 规则,AI复核失败，保留规则判断
bilibili,BV1TpjQ6TEQz,116802608695925,hot,我桃永恒,84800483,越来越讨厌了，路转黑，这人太装了。关键你有啥资本装啊？资本硬推给你的资源，你就这种产出。我对刘亦菲也没啥好感，但是人家好几部作品摆在那里，没得说。,78,0,2026-06-24 10:39:55,303681661025,越来越讨厌了，路转黑，这人太装了。关键你有啥资本装啊？资本硬推给你的资源，你就这种产出。我对刘亦菲也没啥好感，但是人家好几部作品摆在那里，没得说。,越来越讨厌了，路转黑，这人太装了。关键你有啥资本装啊？资本硬推给你的资源，你就这种产出。我对刘亦菲也没啥好感，但是人家好几部作品摆在那里，没得说。,1.0,1.0,正向,检测到转折句，优先分析转折后内容,1.0,正向,检测到转折句，优先分析转折后内容,0.5,39.0,False,,,,,SnowNLP + 规则,未进入AI复核队列
bilibili,BV1TpjQ6TEQz,116802608695925,hot,云莅,4127525,当时B站一堆周生如故的剪辑，我第一反应就是好丑，不知道怎么火起来的[怪我咯],75,0,2026-06-24 11:09:37,306796760224,当时B站一堆周生如故的剪辑，我第一反应就是好丑，不知道怎么火起来的[怪我咯],当时B站一堆周生如故的剪辑，我第一反应就是好丑，不知道怎么火起来的怪我咯,0.0363,0.0363,负向,SnowNLP原始判断,0.0363,负向,SnowNLP原始判断,0.4637,34.7775,False,,,,,SnowNLP + 规则,未进入AI复核队列
bilibili,BV1TpjQ6TEQz,116802608695925,hot,万叶橘,346122,我说话难听，别举我，开幕雷击真的还是需要个火盆，鬼片少放，求求了，比真鬼还吓人[捂脸],70,1,2026-06-24 10:26:49,306793183360,我说话难听，别举我，开幕雷击真的还是需要个火盆，鬼片少放，求求了，比真鬼还吓人[捂脸],我说话难听，别举我，开幕雷击真的还是需要个火盆，鬼片少放，求求了，比真鬼还吓人捂脸,0.0001,0.0001,负向,SnowNLP原始判断,0.0001,负向,SnowNLP原始判断,0.4999,34.993,False,,,,,SnowNLP + 规则,未进入AI复核队列
bilibili,BV1TpjQ6TEQz,116802608695925,hot,椰奶小方li,1849780675,此人火的莫名其妙 粉丝也是奇葩,48,0,2026-06-24 10:47:54,303682402817,此人火的莫名其妙 粉丝也是奇葩,此人火的莫名其妙 粉丝也是奇葩,0.308,0.308,负向,SnowNLP原始判断,0.308,负向,SnowNLP原始判断,0.192,9.216,False,,,,,SnowNLP + 规则,未进入AI复核队列
bilibili,BV1TpjQ6TEQz,116802608695925,hot,慕课夫,3493078016985331,白男士可以现在出崩老头教程,11,0,2026-06-24 16:44:28,306825893536,白男士可以现在出崩老头教程,白男士可以现在出崩老头教程,0.4599,0.4599,中立,SnowNLP原始判断,0.4599,中立,SnowNLP原始判断,0.040100000000000025,0.4411,False,,,,,SnowNLP + 规则,未进入AI复核队列
bilibili,BV1TpjQ6TEQz,116802608695925,hot,雪糕的jio凑凑的,17959095,大家都经过十几岁的年纪吧，白鹿属于就是班里那种立假小子人设的女生，要跟男生处成哥们儿，动作贼浮夸恨不得所有人目光都在她身上，说话没礼貌没情商还觉得自己很有个性，简称显眼包。,777,18,2026-06-24 15:59:02,306822154576,大家都经过十几岁的年纪吧，白鹿属于就是班里那种立假小子人设的女生，要跟男生处成哥们儿，动作贼浮夸恨不得所有人目光都在她身上，说话没礼貌没情商还觉得自己很有个性，简称显眼包。,大家都经过十几岁的年纪吧，白鹿属于就是班里那种立假小子人设的女生，要跟男生处成哥们儿，动作贼浮夸恨不得所有人目光都在她身上，说话没礼貌没情商还觉得自己很有个性，简称显眼包。,1.0,1.0,正向,SnowNLP原始判断,1.0,正向,SnowNLP原始判断,0.5,388.5,False,正向,1.0,"AI复核失败，保留规则判断结果。错误信息：429 RESOURCE_EXHAUSTED. {'error': {'code': 429, 'message': 'You exceeded your current quota, please check your plan and billing details. For more information on this error, head to: https://ai.google.dev/gemini-api/docs/rate-limits. To monitor your current usage, head to: https://ai.dev/rate-limit. \n* Quota exceeded for metric: generativelanguage.googleapis.com/generate_content_free_tier_requests, limit: 5, model: gemini-2.5-flash\nPlease retry in 54.424041722s.', 'status': 'RESOURCE_EXHAUSTED', 'details': [{'@type': 'type.googleapis.com/google.rpc.Help', 'links': [{'description': 'Learn more about Gemini API quotas', 'url': 'https://ai.google.dev/gemini-api/docs/rate-limits'}]}, {'@type': 'type.googleapis.com/google.rpc.QuotaFailure', 'violations': [{'quotaMetric': 'generativelanguage.googleapis.com/generate_content_free_tier_requests', 'quotaId': 'GenerateRequestsPerMinutePerProjectPerModel-FreeTier', 'quotaDimensions': {'location': 'global', 'model': 'gemini-2.5-flash'}, 'quotaValue': '5'}]}, {'@type': 'type.googleapis.com/google.rpc.RetryInfo', 'retryDelay': '54s'}]}}",0.0,SnowNLP + 规则,AI复核失败，保留规则判断
bilibili,BV1TpjQ6TEQz,116802608695925,hot,鼠来宝006,8578690,要不中国电影电视剧越来越差，原来都是于正这样的人！他是不是没吃过好的！,26,0,2026-06-24 11:36:21,303686221249,要不中国电影电视剧越来越差，原来都是于正这样的人！他是不是没吃过好的！,要不中国电影电视剧越来越差，原来都是于正这样的人！他是不是没吃过好的！,0.3325,0.3325,负向,SnowNLP原始判断,0.3325,负向,SnowNLP原始判断,0.16749999999999998,4.355,False,,,,,SnowNLP + 规则,未进入AI复核队列
bilibili,BV1TpjQ6TEQz,116802608695925,hot,老肌无力了,335963820,她这种的 在学校搞小团体 当大姐头 霸凌别人最狠了[doge_金箍],608,12,2026-06-24 10:17:57,306792605552,她这种的 在学校搞小团体 当大姐头 霸凌别人最狠了[doge_金箍],她这种的 在学校搞小团体 当大姐头 霸凌别人最狠了doge金箍,0.9201,0.9201,正向,SnowNLP原始判断,0.9201,正向,SnowNLP原始判断,0.42010000000000003,255.4208,False,正向,0.9201,"AI复核失败，保留规则判断结果。错误信息：429 RESOURCE_EXHAUSTED. {'error': {'code': 429, 'message': 'You exceeded your current quota, please check your plan and billing details. For more information on this error, head to: https://ai.google.dev/gemini-api/docs/rate-limits. To monitor your current usage, head to: https://ai.dev/rate-limit. \n* Quota exceeded for metric: generativelanguage.googleapis.com/generate_content_free_tier_requests, limit: 5, model: gemini-2.5-flash\nPlease retry in 49.489502325s.', 'status': 'RESOURCE_EXHAUSTED', 'details': [{'@type': 'type.googleapis.com/google.rpc.Help', 'links': [{'description': 'Learn more about Gemini API quotas', 'url': 'https://ai.google.dev/gemini-api/docs/rate-limits'}]}, {'@type': 'type.googleapis.com/google.rpc.QuotaFailure', 'violations': [{'quotaMetric': 'generativelanguage.googleapis.com/generate_content_free_tier_requests', 'quotaId': 'GenerateRequestsPerMinutePerProjectPerModel-FreeTier', 'quotaDimensions': {'location': 'global', 'model': 'gemini-2.5-flash'}, 'quotaValue': '5'}]}, {'@type': 'type.googleapis.com/google.rpc.RetryInfo', 'retryDelay': '49s'}]}}",0.0,SnowNLP + 规则,AI复核失败，保留规则判断
bilibili,BV1TpjQ6TEQz,116802608695925,hot,咸鱼本鱼不行吗,449602169,我真的是……从凤求凰开始就等着她糊……真的很烂……人品烂，演技烂,40,0,2026-06-24 13:32:51,303697609057,我真的是……从凤求凰开始就等着她糊……真的很烂……人品烂，演技烂,我真的是从凤求凰开始就等着她糊真的很烂人品烂，演技烂,0.0094,0.0094,负向,SnowNLP原始判断,0.0094,负向,SnowNLP原始判断,0.4906,19.624,False,,,,,SnowNLP + 规则,未进入AI复核队列
bilibili,BV1TpjQ6TEQz,116802608695925,hot,夜的第36,1295120224,江苏文投董事长真是力工皇帝，这个级别了不能吃点好的吗，白鹿整容之前那个样都能吃的下，真是好胃口,9,0,2026-06-24 17:41:33,306831188368,江苏文投董事长真是力工皇帝，这个级别了不能吃点好的吗，白鹿整容之前那个样都能吃的下，真是好胃口,江苏文投董事长真是力工皇帝，这个级别了不能吃点好的吗，白鹿整容之前那个样都能吃的下，真是好胃口,0.7716,0.7716,正向,SnowNLP原始判断,0.7716,正向,SnowNLP原始判断,0.27159999999999995,2.4444,False,,,,,SnowNLP + 规则,未进入AI复核队列
bilibili,BV1TpjQ6TEQz,116802608695925,hot,阿C要发疯,8948091,她这次塌的导火索细看其实不至于，只不过是大家对她积怨已久了吧。。。大家苦资本喂屎久矣,1008,11,2026-06-24 11:37:01,303686309937,她这次塌的导火索细看其实不至于，只不过是大家对她积怨已久了吧。。。大家苦资本喂屎久矣,她这次塌的导火索细看其实不至于，只不过是大家对她积怨已久了吧。。。大家苦资本喂屎久矣,0.9796,0.9796,正向,检测到转折句，优先分析转折后内容,0.9796,正向,检测到转折句，优先分析转折后内容,0.4796,483.4368,False,正向,0.9796,"AI复核失败，保留规则判断结果。错误信息：429 RESOURCE_EXHAUSTED. {'error': {'code': 429, 'message': 'You exceeded your current quota, please check your plan and billing details. For more information on this error, head to: https://ai.google.dev/gemini-api/docs/rate-limits. To monitor your current usage, head to: https://ai.dev/rate-limit. \n* Quota exceeded for metric: generativelanguage.googleapis.com/generate_content_free_tier_requests, limit: 5, model: gemini-2.5-flash\nPlease retry in 1.673064939s.', 'status': 'RESOURCE_EXHAUSTED', 'details': [{'@type': 'type.googleapis.com/google.rpc.Help', 'links': [{'description': 'Learn more about Gemini API quotas', 'url': 'https://ai.google.dev/gemini-api/docs/rate-limits'}]}, {'@type': 'type.googleapis.com/google.rpc.QuotaFailure', 'violations': [{'quotaMetric': 'generativelanguage.googleapis.com/generate_content_free_tier_requests', 'quotaId': 'GenerateRequestsPerMinutePerProjectPerModel-FreeTier', 'quotaDimensions': {'location': 'global', 'model': 'gemini-2.5-flash'}, 'quotaValue': '5'}]}, {'@type': 'type.googleapis.com/google.rpc.RetryInfo', 'retryDelay': '1s'}]}}",0.0,SnowNLP + 规则,AI复核失败，保留规则判断
bilibili,BV1TpjQ6TEQz,116802608695925,hot,那么多nian,142735958,不要忘记她在南京拍和服！玉楼春韩国！这种价值观的人还能在荧幕蹦跶  是在宣传不爱国嘛,66,1,2026-06-24 10:28:14,303680779153,不要忘记她在南京拍和服！玉楼春韩国！这种价值观的人还能在荧幕蹦跶  是在宣传不爱国嘛,不要忘记她在南京拍和服！玉楼春韩国！这种价值观的人还能在荧幕蹦跶 是在宣传不爱国嘛,0.6403,0.6403,正向,SnowNLP原始判断,0.6403,正向,SnowNLP原始判断,0.14029999999999998,9.2598,False,,,,,SnowNLP + 规则,未进入AI复核队列
bilibili,BV1TpjQ6TEQz,116802608695925,hot,快乐小人儿臭屁仔,355093539,她是那种在老男人堆里撒娇觉得自己最被宠的人，是那种认为用没大没小来表现亲昵的人，且是那种通过贬低他人看他人难看或笑话来制造所谓综艺效果的人。一直以来她都是这么过来的，她不会怀疑自己有什么问题的。,921,2,2026-06-24 10:23:43,306793091472,她是那种在老男人堆里撒娇觉得自己最被宠的人，是那种认为用没大没小来表现亲昵的人，且是那种通过贬低他人看他人难看或笑话来制造所谓综艺效果的人。一直以来她都是这么过来的，她不会怀疑自己有什么问题的。,她是那种在老男人堆里撒娇觉得自己最被宠的人，是那种认为用没大没小来表现亲昵的人，且是那种通过贬低他人看他人难看或笑话来制造所谓综艺效果的人。一直以来她都是这么过来的，她不会怀疑自己有什么问题的。,0.9851,0.9851,正向,SnowNLP原始判断,0.9851,正向,SnowNLP原始判断,0.4851,446.7771,False,正向,0.9851,"AI复核失败，保留规则判断结果。错误信息：429 RESOURCE_EXHAUSTED. {'error': {'code': 429, 'message': 'You exceeded your current quota, please check your plan and billing details. For more information on this error, head to: https://ai.google.dev/gemini-api/docs/rate-limits. To monitor your current usage, head to: https://ai.dev/rate-limit. \n* Quota exceeded for metric: generativelanguage.googleapis.com/generate_content_free_tier_requests, limit: 5, model: gemini-2.5-flash\nPlease retry in 57.485166123s.', 'status': 'RESOURCE_EXHAUSTED', 'details': [{'@type': 'type.googleapis.com/google.rpc.Help', 'links': [{'description': 'Learn more about Gemini API quotas', 'url': 'https://ai.google.dev/gemini-api/docs/rate-limits'}]}, {'@type': 'type.googleapis.com/google.rpc.QuotaFailure', 'violations': [{'quotaMetric': 'generativelanguage.googleapis.com/generate_content_free_tier_requests', 'quotaId': 'GenerateRequestsPerMinutePerProjectPerModel-FreeTier', 'quotaDimensions': {'location': 'global', 'model': 'gemini-2.5-flash'}, 'quotaValue': '5'}]}, {'@type': 'type.googleapis.com/google.rpc.RetryInfo', 'retryDelay': '57s'}]}}",0.0,SnowNLP + 规则,AI复核失败，保留规则判断
bilibili,BV1TpjQ6TEQz,116802608695925,hot,重量级干饭职业选手,11241829,崩老头真被她崩到个当官的，内娱高小琴[喜极而泣],699,21,2026-06-24 10:23:04,306793071232,崩老头真被她崩到个当官的，内娱高小琴[喜极而泣],崩老头真被她崩到个当官的，内娱高小琴喜极而泣,0.2482,0.2482,负向,SnowNLP原始判断,0.2482,负向,SnowNLP原始判断,0.2518,176.0082,False,负向,0.2482,"AI复核失败，保留规则判断结果。错误信息：503 UNAVAILABLE. {'error': {'code': 503, 'message': 'This model is currently experiencing high demand. Spikes in demand are usually temporary. Please try again later.', 'status': 'UNAVAILABLE'}}",0.0,SnowNLP + 规则,AI复核失败，保留规则判断
bilibili,BV1TpjQ6TEQz,116802608695925,hot,贫僧不好百合_救火版,3493284181707408,随橙想，反耳给早期赵露思衬托的有三分呆萌,887,27,2026-06-24 11:03:40,306796300896,随橙想，反耳给早期赵露思衬托的有三分呆萌,随橙想，反耳给早期赵露思衬托的有三分呆萌,0.9252,0.9252,正向,SnowNLP原始判断,0.9252,正向,SnowNLP原始判断,0.4252,377.1524,False,正向,0.9252,"AI复核失败，保留规则判断结果。错误信息：429 RESOURCE_EXHAUSTED. {'error': {'code': 429, 'message': 'You exceeded your current quota, please check your plan and billing details. For more information on this error, head to: https://ai.google.dev/gemini-api/docs/rate-limits. To monitor your current usage, head to: https://ai.dev/rate-limit. \n* Quota exceeded for metric: generativelanguage.googleapis.com/generate_content_free_tier_requests, limit: 5, model: gemini-2.5-flash\nPlease retry in 52.725029512s.', 'status': 'RESOURCE_EXHAUSTED', 'details': [{'@type': 'type.googleapis.com/google.rpc.Help', 'links': [{'description': 'Learn more about Gemini API quotas', 'url': 'https://ai.google.dev/gemini-api/docs/rate-limits'}]}, {'@type': 'type.googleapis.com/google.rpc.QuotaFailure', 'violations': [{'quotaMetric': 'generativelanguage.googleapis.com/generate_content_free_tier_requests', 'quotaId': 'GenerateRequestsPerMinutePerProjectPerModel-FreeTier', 'quotaDimensions': {'location': 'global', 'model': 'gemini-2.5-flash'}, 'quotaValue': '5'}]}, {'@type': 'type.googleapis.com/google.rpc.RetryInfo', 'retryDelay': '52s'}]}}",0.0,SnowNLP + 规则,AI复核失败，保留规则判断
bilibili,BV1TpjQ6TEQz,116802608695925,hot,桑榆向晴,604583537,精神小妹崩老头👴🏻最佳典范(究极版)[doge],88,4,2026-06-24 19:01:05,306839496336,精神小妹崩老头👴🏻最佳典范(究极版)[doge],精神小妹崩老头最佳典范(究极版)doge,0.7656,0.7656,正向,SnowNLP原始判断,0.7656,正向,SnowNLP原始判断,0.26559999999999995,23.3728,False,,,,,SnowNLP + 规则,未进入AI复核队列
bilibili,BV1TpjQ6TEQz,116802608695925,hot,小龙虾56,402208943,有老头撑腰真的好顺,143,5,2026-06-24 18:52:21,306838584928,有老头撑腰真的好顺,有老头撑腰真的好顺,0.8959,0.8959,正向,SnowNLP原始判断,0.8959,正向,SnowNLP原始判断,0.39590000000000003,56.6137,False,,,,,SnowNLP + 规则,未进入AI复核队列
bilibili,BV1TpjQ6TEQz,116802608695925,hot,rena光明秀,66757715,对她的感觉就是演技差人也没素质，感觉会是那种在学校里抱团80别人的太妹,9,1,2026-06-24 16:49:35,306826427328,对她的感觉就是演技差人也没素质，感觉会是那种在学校里抱团80别人的太妹,对她的感觉就是演技差人也没素质，感觉会是那种在学校里抱团80别人的太妹,0.9647,0.9647,正向,SnowNLP原始判断,0.9647,正向,SnowNLP原始判断,0.4647,4.1823,False,,,,,SnowNLP + 规则,未进入AI复核队列
bilibili,BV1TpjQ6TEQz,116802608695925,hot,我始于深渊,21222419,能爆出来就说明后台已经不稳了，不然最近的风波咱们都不会看到的,74,1,2026-06-24 15:58:02,306822131936,能爆出来就说明后台已经不稳了，不然最近的风波咱们都不会看到的,能爆出来就说明后台已经不稳了，不然最近的风波咱们都不会看到的,0.3758,0.3758,负向,SnowNLP原始判断,0.3758,负向,SnowNLP原始判断,0.12419999999999998,9.1908,False,,,,,SnowNLP + 规则,未进入AI复核队列
bilibili,BV1TpjQ6TEQz,116802608695925,hot,猫猫有不在场证明,2619580,她和成毅都属于是有人捧的那种,700,22,2026-06-24 10:13:25,303679848865,她和成毅都属于是有人捧的那种,她和成毅都属于是有人捧的那种,0.4206,0.4206,中立,SnowNLP原始判断,0.4206,中立,SnowNLP原始判断,0.07940000000000003,55.58,False,,,,,SnowNLP + 规则,未进入AI复核队列
bilibili,BV1TpjQ6TEQz,116802608695925,hot,木林曦ing,3537107295406352,太可怕了，事实证明告诉我们，想捧红一个人很简单，并且你还找不到幕后玩家,144,3,2026-06-24 15:32:20,303706470449,太可怕了，事实证明告诉我们，想捧红一个人很简单，并且你还找不到幕后玩家,太可怕了，事实证明告诉我们，想捧红一个人很简单，并且你还找不到幕后玩家,0.0531,0.0531,负向,SnowNLP原始判断,0.0531,负向,SnowNLP原始判断,0.4469,64.3536,False,,,,,SnowNLP + 规则,未进入AI复核队列
bilibili,BV1TpjQ6TEQz,116802608695925,hot,小秦在好好吃饭,1304176042,"上过初中高中的都知道
这种所谓大大咧咧性格的女孩子
在学校里就特别受那种老登男教师的欢迎
极其容易向上社交",101,10,2026-06-24 15:07:59,306818323344,"上过初中高中的都知道
这种所谓大大咧咧性格的女孩子
在学校里就特别受那种老登男教师的欢迎
极其容易向上社交",上过初中高中的都知道这种所谓大大咧咧性格的女孩子在学校里就特别受那种老登男教师的欢迎极其容易向上社交,0.9997,0.9997,正向,SnowNLP原始判断,0.9997,正向,SnowNLP原始判断,0.49970000000000003,50.4697,False,,,,,SnowNLP + 规则,未进入AI复核队列
bilibili,BV1TpjQ6TEQz,116802608695925,hot,小V他偏头疼,251979252,别的我不关心，只是这种没有业务能力和文化底蕴的人拿到这么多资源，会让我对这个国家的娱乐业感到深深的失望和悲悯,87,6,2026-06-24 14:28:54,303701908145,别的我不关心，只是这种没有业务能力和文化底蕴的人拿到这么多资源，会让我对这个国家的娱乐业感到深深的失望和悲悯,别的我不关心，只是这种没有业务能力和文化底蕴的人拿到这么多资源，会让我对这个国家的娱乐业感到深深的失望和悲悯,0.9999,0.25,负向,检测到转折句，优先分析转折后内容；负向关键词修正；转折后内容带有负向/质疑信号，修正为负向,0.25,负向,检测到转折句，优先分析转折后内容；负向关键词修正；转折后内容带有负向/质疑信号，修正为负向,0.25,21.75,False,,,,,SnowNLP + 规则,未进入AI复核队列
bilibili,BV1TpjQ6TEQz,116802608695925,hot,SOX下流梗社长,10947259,本来以为她是故意搞这种大大咧咧人设的样子，差不多就搞搞行了，看完视频发现，她可能就是女嘉豪。。,923,18,2026-06-24 10:18:09,303680127233,本来以为她是故意搞这种大大咧咧人设的样子，差不多就搞搞行了，看完视频发现，她可能就是女嘉豪。。,本来以为她是故意搞这种大大咧咧人设的样子，差不多就搞搞行了，看完视频发现，她可能就是女嘉豪。。,0.0575,0.0575,负向,SnowNLP原始判断,0.0575,负向,SnowNLP原始判断,0.4425,408.4275,False,负向,0.0575,"AI复核失败，保留规则判断结果。错误信息：429 RESOURCE_EXHAUSTED. {'error': {'code': 429, 'message': 'You exceeded your current quota, please check your plan and billing details. For more information on this error, head to: https://ai.google.dev/gemini-api/docs/rate-limits. To monitor your current usage, head to: https://ai.dev/rate-limit. \n* Quota exceeded for metric: generativelanguage.googleapis.com/generate_content_free_tier_requests, limit: 5, model: gemini-2.5-flash\nPlease retry in 56.176388628s.', 'status': 'RESOURCE_EXHAUSTED', 'details': [{'@type': 'type.googleapis.com/google.rpc.Help', 'links': [{'description': 'Learn more about Gemini API quotas', 'url': 'https://ai.google.dev/gemini-api/docs/rate-limits'}]}, {'@type': 'type.googleapis.com/google.rpc.QuotaFailure', 'violations': [{'quotaMetric': 'generativelanguage.googleapis.com/generate_content_free_tier_requests', 'quotaId': 'GenerateRequestsPerMinutePerProjectPerModel-FreeTier', 'quotaDimensions': {'location': 'global', 'model': 'gemini-2.5-flash'}, 'quotaValue': '5'}]}, {'@type': 'type.googleapis.com/google.rpc.RetryInfo', 'retryDelay': '56s'}]}}",0.0,SnowNLP + 规则,AI复核失败，保留规则判断
bilibili,BV1TpjQ6TEQz,116802608695925,hot,OoOoOcTaviaa,4028076,文章当年也说自己顺极了[doge],221,3,2026-06-24 13:25:13,303696916689,文章当年也说自己顺极了[doge],文章当年也说自己顺极了doge,0.6499,0.6499,正向,SnowNLP原始判断,0.6499,正向,SnowNLP原始判断,0.14990000000000003,33.1279,False,,,,,SnowNLP + 规则,未进入AI复核队列
bilibili,BV1TpjQ6TEQz,116802608695925,hot,厌猫猫让我嘬嘬,382275785,…真的她突然成顶流了,227,3,2026-06-24 10:14:21,303679872049,…真的她突然成顶流了,真的她突然成顶流了,0.4078,0.4078,中立,SnowNLP原始判断,0.4078,中立,SnowNLP原始判断,0.0922,20.9294,False,,,,,SnowNLP + 规则,未进入AI复核队列
bilibili,BV1TpjQ6TEQz,116802608695925,hot,告诉俺娘俺不是孬中,524735650,终于讲白鹿了，还以为圆子不敢呢,266,6,2026-06-24 14:52:56,303703597473,终于讲白鹿了，还以为圆子不敢呢,终于讲白鹿了，还以为圆子不敢呢,0.3693,0.3693,负向,SnowNLP原始判断,0.3693,负向,SnowNLP原始判断,0.13069999999999998,34.7662,False,,,,,SnowNLP + 规则,未进入AI复核队列
bilibili,BV1TpjQ6TEQz,116802608695925,hot,雏菡,449176168,认真说确实是我不喜欢的性格，感觉像女版王鹤棣,356,13,2026-06-24 17:48:10,303718186897,认真说确实是我不喜欢的性格，感觉像女版王鹤棣,认真说确实是我不喜欢的性格，感觉像女版王鹤棣,0.87,0.87,正向,SnowNLP原始判断,0.87,正向,SnowNLP原始判断,0.37,131.72,False,正向,0.87,"AI复核失败，保留规则判断结果。错误信息：429 RESOURCE_EXHAUSTED. {'error': {'code': 429, 'message': 'You exceeded your current quota, please check your plan and billing details. For more information on this error, head to: https://ai.google.dev/gemini-api/docs/rate-limits. To monitor your current usage, head to: https://ai.dev/rate-limit. \n* Quota exceeded for metric: generativelanguage.googleapis.com/generate_content_free_tier_requests, limit: 5, model: gemini-2.5-flash\nPlease retry in 35.990804263s.', 'status': 'RESOURCE_EXHAUSTED', 'details': [{'@type': 'type.googleapis.com/google.rpc.Help', 'links': [{'description': 'Learn more about Gemini API quotas', 'url': 'https://ai.google.dev/gemini-api/docs/rate-limits'}]}, {'@type': 'type.googleapis.com/google.rpc.QuotaFailure', 'violations': [{'quotaMetric': 'generativelanguage.googleapis.com/generate_content_free_tier_requests', 'quotaId': 'GenerateRequestsPerMinutePerProjectPerModel-FreeTier', 'quotaDimensions': {'location': 'global', 'model': 'gemini-2.5-flash'}, 'quotaValue': '5'}]}, {'@type': 'type.googleapis.com/google.rpc.RetryInfo', 'retryDelay': '35s'}]}}",0.0,SnowNLP + 规则,AI复核失败，保留规则判断
bilibili,BV1TpjQ6TEQz,116802608695925,hot,mimimimimaimimo,19086566,她的资源真的太太好了，感觉有人强捧,887,15,2026-06-24 10:52:39,303682612289,她的资源真的太太好了，感觉有人强捧,她的资源真的太太好了，感觉有人强捧,0.2209,0.2209,负向,SnowNLP原始判断,0.2209,负向,SnowNLP原始判断,0.2791,247.5617,False,负向,0.2209,"AI复核失败，保留规则判断结果。错误信息：429 RESOURCE_EXHAUSTED. {'error': {'code': 429, 'message': 'You exceeded your current quota, please check your plan and billing details. For more information on this error, head to: https://ai.google.dev/gemini-api/docs/rate-limits. To monitor your current usage, head to: https://ai.dev/rate-limit. \n* Quota exceeded for metric: generativelanguage.googleapis.com/generate_content_free_tier_requests, limit: 5, model: gemini-2.5-flash\nPlease retry in 48.337972739s.', 'status': 'RESOURCE_EXHAUSTED', 'details': [{'@type': 'type.googleapis.com/google.rpc.Help', 'links': [{'description': 'Learn more about Gemini API quotas', 'url': 'https://ai.google.dev/gemini-api/docs/rate-limits'}]}, {'@type': 'type.googleapis.com/google.rpc.QuotaFailure', 'violations': [{'quotaMetric': 'generativelanguage.googleapis.com/generate_content_free_tier_requests', 'quotaId': 'GenerateRequestsPerMinutePerProjectPerModel-FreeTier', 'quotaDimensions': {'location': 'global', 'model': 'gemini-2.5-flash'}, 'quotaValue': '5'}]}, {'@type': 'type.googleapis.com/google.rpc.RetryInfo', 'retryDelay': '48s'}]}}",0.0,SnowNLP + 规则,AI复核失败，保留规则判断
bilibili,BV1TpjQ6TEQz,116802608695925,hot,大悲欢喜,177990697,还是b站看的舒服讨厌的人只有b站敢骂,735,13,2026-06-24 13:29:01,303697219393,还是b站看的舒服讨厌的人只有b站敢骂,还是b站看的舒服讨厌的人只有b站敢骂,0.8872,0.3,负向,负向关键词修正,0.3,负向,负向关键词修正,0.2,147.0,False,负向,0.3,"AI复核失败，保留规则判断结果。错误信息：429 RESOURCE_EXHAUSTED. {'error': {'code': 429, 'message': 'You exceeded your current quota, please check your plan and billing details. For more information on this error, head to: https://ai.google.dev/gemini-api/docs/rate-limits. To monitor your current usage, head to: https://ai.dev/rate-limit. \n* Quota exceeded for metric: generativelanguage.googleapis.com/generate_content_free_tier_requests, limit: 5, model: gemini-2.5-flash\nPlease retry in 37.254908119s.', 'status': 'RESOURCE_EXHAUSTED', 'details': [{'@type': 'type.googleapis.com/google.rpc.Help', 'links': [{'description': 'Learn more about Gemini API quotas', 'url': 'https://ai.google.dev/gemini-api/docs/rate-limits'}]}, {'@type': 'type.googleapis.com/google.rpc.QuotaFailure', 'violations': [{'quotaMetric': 'generativelanguage.googleapis.com/generate_content_free_tier_requests', 'quotaId': 'GenerateRequestsPerMinutePerProjectPerModel-FreeTier', 'quotaDimensions': {'location': 'global', 'model': 'gemini-2.5-flash'}, 'quotaValue': '5'}]}, {'@type': 'type.googleapis.com/google.rpc.RetryInfo', 'retryDelay': '37s'}]}}",0.0,SnowNLP + 规则,AI复核失败，保留规则判断
bilibili,BV1TpjQ6TEQz,116802608695925,hot,林森森o,94414406,白男太强大的后台了，两个月资源一点没受影响[吃瓜],25,0,2026-06-24 10:49:12,306795209824,白男太强大的后台了，两个月资源一点没受影响[吃瓜],白男太强大的后台了，两个月资源一点没受影响吃瓜,0.3266,0.3266,负向,SnowNLP原始判断,0.3266,负向,SnowNLP原始判断,0.1734,4.335,False,,,,,SnowNLP + 规则,未进入AI复核队列
bilibili,BV1TpjQ6TEQz,116802608695925,hot,对呀何必呢就这样吧,14297059,为什么她说话总是撅着嘴？这种嘴型，我通常只在韩剧里见过,1218,11,2026-06-24 12:48:49,303693524689,为什么她说话总是撅着嘴？这种嘴型，我通常只在韩剧里见过,为什么她说话总是撅着嘴？这种嘴型，我通常只在韩剧里见过,0.393,0.35,负向,反问/质疑句式修正,0.35,负向,反问/质疑句式修正,0.15000000000000002,182.7,False,负向,0.35,"AI复核失败，保留规则判断结果。错误信息：429 RESOURCE_EXHAUSTED. {'error': {'code': 429, 'message': 'You exceeded your current quota, please check your plan and billing details. For more information on this error, head to: https://ai.google.dev/gemini-api/docs/rate-limits. To monitor your current usage, head to: https://ai.dev/rate-limit. \n* Quota exceeded for metric: generativelanguage.googleapis.com/generate_content_free_tier_requests, limit: 5, model: gemini-2.5-flash\nPlease retry in 42.978161174s.', 'status': 'RESOURCE_EXHAUSTED', 'details': [{'@type': 'type.googleapis.com/google.rpc.Help', 'links': [{'description': 'Learn more about Gemini API quotas', 'url': 'https://ai.google.dev/gemini-api/docs/rate-limits'}]}, {'@type': 'type.googleapis.com/google.rpc.QuotaFailure', 'violations': [{'quotaMetric': 'generativelanguage.googleapis.com/generate_content_free_tier_requests', 'quotaId': 'GenerateRequestsPerMinutePerProjectPerModel-FreeTier', 'quotaDimensions': {'location': 'global', 'model': 'gemini-2.5-flash'}, 'quotaValue': '5'}]}, {'@type': 'type.googleapis.com/google.rpc.RetryInfo', 'retryDelay': '42s'}]}}",0.0,SnowNLP + 规则,AI复核失败，保留规则判断
bilibili,BV1TpjQ6TEQz,116802608695925,hot,bili_16955756383,1159504862,难怪他粉丝叫鹿茸,379,2,2026-06-24 12:20:35,303690447393,难怪他粉丝叫鹿茸,难怪他粉丝叫鹿茸,0.5571,0.5571,中立,SnowNLP原始判断,0.5571,中立,SnowNLP原始判断,0.05710000000000004,21.6409,False,,,,,SnowNLP + 规则,未进入AI复核队列
bilibili,BV1TpjQ6TEQz,116802608695925,hot,正左没,489993254,她说自己粉丝是小🪵🐶怎么没盘点进去，包括粉丝主动包揽🪵🐶一词,4,0,2026-06-24 19:00:44,303725692561,她说自己粉丝是小🪵🐶怎么没盘点进去，包括粉丝主动包揽🪵🐶一词,她说自己粉丝是小怎么没盘点进去，包括粉丝主动包揽一词,0.3764,0.3764,负向,SnowNLP原始判断,0.3764,负向,SnowNLP原始判断,0.12359999999999999,0.4944,False,,,,,SnowNLP + 规则,未进入AI复核队列
bilibili,BV1TpjQ6TEQz,116802608695925,hot,OwO嘎嘎,27106963,真想国家规定实名制追星，我现生中遇到了她粉丝还能躲一躲，我这人又怕脏又怕鬼的,348,11,2026-06-24 14:47:10,303703241921,真想国家规定实名制追星，我现生中遇到了她粉丝还能躲一躲，我这人又怕脏又怕鬼的,真想国家规定实名制追星，我现生中遇到了她粉丝还能躲一躲，我这人又怕脏又怕鬼的,0.7681,0.7681,正向,SnowNLP原始判断,0.7681,正向,SnowNLP原始判断,0.2681,93.2988,False,正向,0.7681,"AI复核失败，保留规则判断结果。错误信息：429 RESOURCE_EXHAUSTED. {'error': {'code': 429, 'message': 'You exceeded your current quota, please check your plan and billing details. For more information on this error, head to: https://ai.google.dev/gemini-api/docs/rate-limits. To monitor your current usage, head to: https://ai.dev/rate-limit. \n* Quota exceeded for metric: generativelanguage.googleapis.com/generate_content_free_tier_requests, limit: 5, model: gemini-2.5-flash\nPlease retry in 32.007869123s.', 'status': 'RESOURCE_EXHAUSTED', 'details': [{'@type': 'type.googleapis.com/google.rpc.Help', 'links': [{'description': 'Learn more about Gemini API quotas', 'url': 'https://ai.google.dev/gemini-api/docs/rate-limits'}]}, {'@type': 'type.googleapis.com/google.rpc.QuotaFailure', 'violations': [{'quotaMetric': 'generativelanguage.googleapis.com/generate_content_free_tier_requests', 'quotaId': 'GenerateRequestsPerMinutePerProjectPerModel-FreeTier', 'quotaDimensions': {'location': 'global', 'model': 'gemini-2.5-flash'}, 'quotaValue': '5'}]}, {'@type': 'type.googleapis.com/google.rpc.RetryInfo', 'retryDelay': '32s'}]}}",0.0,SnowNLP + 规则,AI复核失败，保留规则判断
bilibili,BV1TpjQ6TEQz,116802608695925,hot,冰霜高洁,1676607054,《俺娘田小草》都市版又名《以爱为营》,1913,11,2026-06-24 13:54:37,303699313585,《俺娘田小草》都市版又名《以爱为营》,《俺娘田小草》都市版又名《以爱为营》,0.9977,0.9977,正向,SnowNLP原始判断,0.9977,正向,SnowNLP原始判断,0.49770000000000003,952.1001,False,正向,0.9977,"AI复核失败，保留规则判断结果。错误信息：503 UNAVAILABLE. {'error': {'code': 503, 'message': 'This model is currently experiencing high demand. Spikes in demand are usually temporary. Please try again later.', 'status': 'UNAVAILABLE'}}",0.0,SnowNLP + 规则,AI复核失败，保留规则判断
bilibili,BV1TpjQ6TEQz,116802608695925,hot,四维绝望团子,625682559,她这种性格在男人堆里确实吃香，参考现实中的“汉子茶”,133,11,2026-06-24 15:06:43,303704558881,她这种性格在男人堆里确实吃香，参考现实中的“汉子茶”,她这种性格在男人堆里确实吃香，参考现实中的“汉子茶”,0.9715,0.3,负向,社会焦虑/黑色幽默/就业压力表达修正为偏负向,0.3,负向,社会焦虑/黑色幽默/就业压力表达修正为偏负向,0.2,26.6,False,,,,,SnowNLP + 规则,未进入AI复核队列
bilibili,BV1TpjQ6TEQz,116802608695925,hot,温言zzz,497531454,好奇什么时候会被下架，太勇了,2935,24,2026-06-24 10:09:06,303679501249,好奇什么时候会被下架，太勇了,好奇什么时候会被下架，太勇了,0.8806,0.8806,正向,SnowNLP原始判断,0.8806,正向,SnowNLP原始判断,0.38060000000000005,1117.061,False,正向,0.8806,"AI复核失败，保留规则判断结果。错误信息：503 UNAVAILABLE. {'error': {'code': 503, 'message': 'This model is currently experiencing high demand. Spikes in demand are usually temporary. Please try again later.', 'status': 'UNAVAILABLE'}}",0.0,SnowNLP + 规则,AI复核失败，保留规则判断
bilibili,BV1TpjQ6TEQz,116802608695925,hot,仙都南宁周阴婷,26598499,圆子明天看手机：,405,2,2026-06-24 16:54:08,303713156385,圆子明天看手机：,圆子明天看手机：,0.3683,0.3683,负向,SnowNLP原始判断,0.3683,负向,SnowNLP原始判断,0.13169999999999998,53.3385,False,,,,,SnowNLP + 规则,未进入AI复核队列
bilibili,BV1TpjQ6TEQz,116802608695925,hot,路人主角路过,87125554,精神小妹最爱崩老头[doge],308,3,2026-06-24 10:27:47,303680846881,精神小妹最爱崩老头[doge],精神小妹最爱崩老头doge,0.6368,0.6368,正向,SnowNLP原始判断,0.6368,正向,SnowNLP原始判断,0.13680000000000003,42.1344,False,,,,,SnowNLP + 规则,未进入AI复核队列
bilibili,BV1TpjQ6TEQz,116802608695925,hot,冰冥_,297964928,一直觉得“四普”这个东西就是给杨紫降咖，给白鹿升咖用的。因为我想不出一个白鹿的代表作[笑哭],189,9,2026-06-24 11:05:49,303683595841,一直觉得“四普”这个东西就是给杨紫降咖，给白鹿升咖用的。因为我想不出一个白鹿的代表作[笑哭],一直觉得“四普”这个东西就是给杨紫降咖，给白鹿升咖用的。因为我想不出一个白鹿的代表作笑哭,0.8923,0.8923,正向,SnowNLP原始判断,0.8923,正向,SnowNLP原始判断,0.3923,74.1447,False,正向,0.8923,"AI复核失败，保留规则判断结果。错误信息：429 RESOURCE_EXHAUSTED. {'error': {'code': 429, 'message': 'You exceeded your current quota, please check your plan and billing details. For more information on this error, head to: https://ai.google.dev/gemini-api/docs/rate-limits. To monitor your current usage, head to: https://ai.dev/rate-limit. \n* Quota exceeded for metric: generativelanguage.googleapis.com/generate_content_free_tier_requests, limit: 5, model: gemini-2.5-flash\nPlease retry in 26.410986862s.', 'status': 'RESOURCE_EXHAUSTED', 'details': [{'@type': 'type.googleapis.com/google.rpc.Help', 'links': [{'description': 'Learn more about Gemini API quotas', 'url': 'https://ai.google.dev/gemini-api/docs/rate-limits'}]}, {'@type': 'type.googleapis.com/google.rpc.QuotaFailure', 'violations': [{'quotaMetric': 'generativelanguage.googleapis.com/generate_content_free_tier_requests', 'quotaId': 'GenerateRequestsPerMinutePerProjectPerModel-FreeTier', 'quotaDimensions': {'model': 'gemini-2.5-flash', 'location': 'global'}, 'quotaValue': '5'}]}, {'@type': 'type.googleapis.com/google.rpc.RetryInfo', 'retryDelay': '26s'}]}}",0.0,SnowNLP + 规则,AI复核失败，保留规则判断
bilibili,BV1TpjQ6TEQz,116802608695925,hot,是我momo,521671854,彤这一抱臂，大女主那味儿有了。,1525,14,2026-06-24 11:16:44,303684609585,彤这一抱臂，大女主那味儿有了。,彤这一抱臂，大女主那味儿有了。,0.9774,0.9774,正向,SnowNLP原始判断,0.9774,正向,SnowNLP原始判断,0.47740000000000005,728.035,False,正向,0.9774,"AI复核失败，保留规则判断结果。错误信息：503 UNAVAILABLE. {'error': {'code': 503, 'message': 'This model is currently experiencing high demand. Spikes in demand are usually temporary. Please try again later.', 'status': 'UNAVAILABLE'}}",0.0,SnowNLP + 规则,AI复核失败，保留规则判断
bilibili,BV1TpjQ6TEQz,116802608695925,hot,雪天毛毛毛毛毛,645257075,隔壁刷到的，笑死我了,4120,54,2026-06-24 10:37:47,303681504577,隔壁刷到的，笑死我了,隔壁刷到的，笑死我了,0.0703,0.0703,负向,SnowNLP原始判断,0.0703,负向,SnowNLP原始判断,0.42969999999999997,1770.364,False,负向,0.0703,"AI复核失败，保留规则判断结果。错误信息：503 UNAVAILABLE. {'error': {'code': 503, 'message': 'This model is currently experiencing high demand. Spikes in demand are usually temporary. Please try again later.', 'status': 'UNAVAILABLE'}}",0.0,SnowNLP + 规则,AI复核失败，保留规则判断
bilibili,BV1TpjQ6TEQz,116802608695925,hot,今年也要去看海,320125886,她到底搭上谁了这么多资源捧她。。。。？[呆],142,5,2026-06-24 14:51:41,303703434353,她到底搭上谁了这么多资源捧她。。。。？[呆],她到底搭上谁了这么多资源捧她。。。。？呆,0.4209,0.4209,中立,SnowNLP原始判断,0.4209,中立,SnowNLP原始判断,0.0791,11.2322,False,,,,,SnowNLP + 规则,未进入AI复核队列
bilibili,BV1TpjQ6TEQz,116802608695925,hot,骐栖,1133532487,所以……她拿了奖后说的轻舟已过万重山过的到底是什么山[妙啊],138,2,2026-06-24 10:30:55,306793766208,所以……她拿了奖后说的轻舟已过万重山过的到底是什么山[妙啊],所以她拿了奖后说的轻舟已过万重山过的到底是什么山妙啊,0.2657,0.2657,负向,SnowNLP原始判断,0.2657,负向,SnowNLP原始判断,0.2343,32.3334,False,,,,,SnowNLP + 规则,未进入AI复核队列
bilibili,BV1TpjQ6TEQz,116802608695925,hot,冰块块块砸,23128999,评论区也没有必要这么多人洗吧 就算她人品没问题这演技放在内娱也是在侮辱观众啊 还能爱下去是粉丝还是路人真不好说[笑哭][笑哭],253,25,2026-06-24 14:02:50,303699893745,评论区也没有必要这么多人洗吧 就算她人品没问题这演技放在内娱也是在侮辱观众啊 还能爱下去是粉丝还是路人真不好说[笑哭][笑哭],评论区也没有必要这么多人洗吧 就算她人品没问题这演技放在内娱也是在侮辱观众啊 还能爱下去是粉丝还是路人真不好说笑哭笑哭,0.1476,0.1476,负向,SnowNLP原始判断,0.1476,负向,SnowNLP原始判断,0.3524,89.1572,False,负向,0.1476,"AI复核失败，保留规则判断结果。错误信息：429 RESOURCE_EXHAUSTED. {'error': {'code': 429, 'message': 'You exceeded your current quota, please check your plan and billing details. For more information on this error, head to: https://ai.google.dev/gemini-api/docs/rate-limits. To monitor your current usage, head to: https://ai.dev/rate-limit. \n* Quota exceeded for metric: generativelanguage.googleapis.com/generate_content_free_tier_requests, limit: 5, model: gemini-2.5-flash\nPlease retry in 30.446339368s.', 'status': 'RESOURCE_EXHAUSTED', 'details': [{'@type': 'type.googleapis.com/google.rpc.Help', 'links': [{'description': 'Learn more about Gemini API quotas', 'url': 'https://ai.google.dev/gemini-api/docs/rate-limits'}]}, {'@type': 'type.googleapis.com/google.rpc.QuotaFailure', 'violations': [{'quotaMetric': 'generativelanguage.googleapis.com/generate_content_free_tier_requests', 'quotaId': 'GenerateRequestsPerMinutePerProjectPerModel-FreeTier', 'quotaDimensions': {'location': 'global', 'model': 'gemini-2.5-flash'}, 'quotaValue': '5'}]}, {'@type': 'type.googleapis.com/google.rpc.RetryInfo', 'retryDelay': '30s'}]}}",0.0,SnowNLP + 规则,AI复核失败，保留规则判断
bilibili,BV1TpjQ6TEQz,116802608695925,hot,芭拉拉又重了,300374838,于正是什么行业很好的标杆吗？他选出来的人出问题不是很正常吗？争议性都很大的之前。好多他捧出来都是黑红。,419,7,2026-06-24 10:18:44,306792627856,于正是什么行业很好的标杆吗？他选出来的人出问题不是很正常吗？争议性都很大的之前。好多他捧出来都是黑红。,于正是什么行业很好的标杆吗？他选出来的人出问题不是很正常吗？争议性都很大的之前。好多他捧出来都是黑红。,0.9974,0.9974,正向,SnowNLP原始判断,0.9974,正向,SnowNLP原始判断,0.49739999999999995,208.4106,False,正向,0.9974,"AI复核失败，保留规则判断结果。错误信息：429 RESOURCE_EXHAUSTED. {'error': {'code': 429, 'message': 'You exceeded your current quota, please check your plan and billing details. For more information on this error, head to: https://ai.google.dev/gemini-api/docs/rate-limits. To monitor your current usage, head to: https://ai.dev/rate-limit. \n* Quota exceeded for metric: generativelanguage.googleapis.com/generate_content_free_tier_requests, limit: 5, model: gemini-2.5-flash\nPlease retry in 44.275263903s.', 'status': 'RESOURCE_EXHAUSTED', 'details': [{'@type': 'type.googleapis.com/google.rpc.Help', 'links': [{'description': 'Learn more about Gemini API quotas', 'url': 'https://ai.google.dev/gemini-api/docs/rate-limits'}]}, {'@type': 'type.googleapis.com/google.rpc.QuotaFailure', 'violations': [{'quotaMetric': 'generativelanguage.googleapis.com/generate_content_free_tier_requests', 'quotaId': 'GenerateRequestsPerMinutePerProjectPerModel-FreeTier', 'quotaDimensions': {'model': 'gemini-2.5-flash', 'location': 'global'}, 'quotaValue': '5'}]}, {'@type': 'type.googleapis.com/google.rpc.RetryInfo', 'retryDelay': '44s'}]}}",0.0,SnowNLP + 规则,AI复核失败，保留规则判断
bilibili,BV1TpjQ6TEQz,116802608695925,hot,大乔617,11352073,《以爱为营》应该改名叫《嘉豪嘉欣爱情故事》[大笑],1967,25,2026-06-24 10:20:37,303680424529,《以爱为营》应该改名叫《嘉豪嘉欣爱情故事》[大笑],《以爱为营》应该改名叫《嘉豪嘉欣爱情故事》大笑,0.9973,0.9973,正向,SnowNLP原始判断,0.9973,正向,SnowNLP原始判断,0.49729999999999996,978.1891,False,正向,0.9973,"AI复核失败，保留规则判断结果。错误信息：503 UNAVAILABLE. {'error': {'code': 503, 'message': 'This model is currently experiencing high demand. Spikes in demand are usually temporary. Please try again later.', 'status': 'UNAVAILABLE'}}",0.0,SnowNLP + 规则,AI复核失败，保留规则判断
bilibili,BV1TpjQ6TEQz,116802608695925,hot,Mochiivi,277287890,还有小母g课件漏了，大家可以自己去补补,4,0,2026-06-24 18:53:26,303724823377,还有小母g课件漏了，大家可以自己去补补,还有小母g课件漏了，大家可以自己去补补,0.7868,0.7868,正向,SnowNLP原始判断,0.7868,正向,SnowNLP原始判断,0.28680000000000005,1.1472,False,,,,,SnowNLP + 规则,未进入AI复核队列
bilibili,BV1TpjQ6TEQz,116802608695925,hot,一念的墨痕,351647504,准备接受来自美神的照耀吧[笑哭][笑哭][笑哭],381,7,2026-06-24 17:22:55,306829422800,准备接受来自美神的照耀吧[笑哭][笑哭][笑哭],准备接受来自美神的照耀吧笑哭笑哭笑哭,0.802,0.802,正向,SnowNLP原始判断,0.802,正向,SnowNLP原始判断,0.30200000000000005,115.062,False,正向,0.802,"AI复核失败，保留规则判断结果。错误信息：429 RESOURCE_EXHAUSTED. {'error': {'code': 429, 'message': 'You exceeded your current quota, please check your plan and billing details. For more information on this error, head to: https://ai.google.dev/gemini-api/docs/rate-limits. To monitor your current usage, head to: https://ai.dev/rate-limit. \n* Quota exceeded for metric: generativelanguage.googleapis.com/generate_content_free_tier_requests, limit: 5, model: gemini-2.5-flash\nPlease retry in 33.858349105s.', 'status': 'RESOURCE_EXHAUSTED', 'details': [{'@type': 'type.googleapis.com/google.rpc.Help', 'links': [{'description': 'Learn more about Gemini API quotas', 'url': 'https://ai.google.dev/gemini-api/docs/rate-limits'}]}, {'@type': 'type.googleapis.com/google.rpc.QuotaFailure', 'violations': [{'quotaMetric': 'generativelanguage.googleapis.com/generate_content_free_tier_requests', 'quotaId': 'GenerateRequestsPerMinutePerProjectPerModel-FreeTier', 'quotaDimensions': {'model': 'gemini-2.5-flash', 'location': 'global'}, 'quotaValue': '5'}]}, {'@type': 'type.googleapis.com/google.rpc.RetryInfo', 'retryDelay': '33s'}]}}",0.0,SnowNLP + 规则,AI复核失败，保留规则判断
bilibili,BV1TpjQ6TEQz,116802608695925,hot,辛雍,424238640,不是，这位还穿过和服宣传吗？这么有料,4,1,2026-06-24 17:31:23,306830223728,不是，这位还穿过和服宣传吗？这么有料,不是，这位还穿过和服宣传吗？这么有料,0.0403,0.0403,负向,SnowNLP原始判断,0.0403,负向,SnowNLP原始判断,0.4597,1.8388,False,,,,,SnowNLP + 规则,未进入AI复核队列
bilibili,BV1TpjQ6TEQz,116802608695925,hot,J_0311,173846809,我真不行了，她的受众群体是异食癖吗,13,0,2026-06-24 14:40:04,306816261968,我真不行了，她的受众群体是异食癖吗,我真不行了，她的受众群体是异食癖吗,0.4677,0.4677,中立,SnowNLP原始判断,0.4677,中立,SnowNLP原始判断,0.032299999999999995,0.4199,False,,,,,SnowNLP + 规则,未进入AI复核队列
bilibili,BV1TpjQ6TEQz,116802608695925,hot,卖卡师姐,3493276753594525,这资源没人捧是不可能的。。。北电中戏那么多长得好演得好的人不火，偏偏她火了，而且演技也不出众，还能是为什么呢,100,1,2026-06-24 13:15:13,306809256272,这资源没人捧是不可能的。。。北电中戏那么多长得好演得好的人不火，偏偏她火了，而且演技也不出众，还能是为什么呢,这资源没人捧是不可能的。。。北电中戏那么多长得好演得好的人不火，偏偏她火了，而且演技也不出众，还能是为什么呢,0.5146,0.5146,中立,SnowNLP原始判断,0.5146,中立,SnowNLP原始判断,0.014599999999999946,1.46,False,,,,,SnowNLP + 规则,未进入AI复核队列
bilibili,BV1TpjQ6TEQz,116802608695925,hot,雪羊羊爱鸭鸭,11293260,景甜好歹长得漂亮还不作妖[喜极而泣],64,1,2026-06-24 18:14:10,303720714833,景甜好歹长得漂亮还不作妖[喜极而泣],景甜好歹长得漂亮还不作妖喜极而泣,0.9999,0.9999,正向,SnowNLP原始判断,0.9999,正向,SnowNLP原始判断,0.4999,31.9936,False,,,,,SnowNLP + 规则,未进入AI复核队列
bilibili,BV1TpjQ6TEQz,116802608695925,hot,要不买瓶汽水吧,7305274,这个于正到底是什么背景，为什么能给内娱输送那么多。。。[捂脸],627,28,2026-06-24 10:20:17,303680259937,这个于正到底是什么背景，为什么能给内娱输送那么多。。。[捂脸],这个于正到底是什么背景，为什么能给内娱输送那么多。。。捂脸,0.0685,0.0685,负向,SnowNLP原始判断,0.0685,负向,SnowNLP原始判断,0.4315,270.5505,False,负向,0.0685,"AI复核失败，保留规则判断结果。错误信息：429 RESOURCE_EXHAUSTED. {'error': {'code': 429, 'message': 'You exceeded your current quota, please check your plan and billing details. For more information on this error, head to: https://ai.google.dev/gemini-api/docs/rate-limits. To monitor your current usage, head to: https://ai.dev/rate-limit. \n* Quota exceeded for metric: generativelanguage.googleapis.com/generate_content_free_tier_requests, limit: 5, model: gemini-2.5-flash\nPlease retry in 50.119203424s.', 'status': 'RESOURCE_EXHAUSTED', 'details': [{'@type': 'type.googleapis.com/google.rpc.Help', 'links': [{'description': 'Learn more about Gemini API quotas', 'url': 'https://ai.google.dev/gemini-api/docs/rate-limits'}]}, {'@type': 'type.googleapis.com/google.rpc.QuotaFailure', 'violations': [{'quotaMetric': 'generativelanguage.googleapis.com/generate_content_free_tier_requests', 'quotaId': 'GenerateRequestsPerMinutePerProjectPerModel-FreeTier', 'quotaDimensions': {'location': 'global', 'model': 'gemini-2.5-flash'}, 'quotaValue': '5'}]}, {'@type': 'type.googleapis.com/google.rpc.RetryInfo', 'retryDelay': '50s'}]}}",0.0,SnowNLP + 规则,AI复核失败，保留规则判断
bilibili,BV1TpjQ6TEQz,116802608695925,hot,bluelotus-,581802821,感觉她像上学时候喜欢和男生一起玩然后总是时不时打一下男生 但不管女生还是男生其实都不喜欢她的那种人[笑哭],446,12,2026-06-24 10:10:07,306792117216,感觉她像上学时候喜欢和男生一起玩然后总是时不时打一下男生 但不管女生还是男生其实都不喜欢她的那种人[笑哭],感觉她像上学时候喜欢和男生一起玩然后总是时不时打一下男生 但不管女生还是男生其实都不喜欢她的那种人笑哭,0.9989,0.9989,正向,检测到转折句，优先分析转折后内容,0.9989,正向,检测到转折句，优先分析转折后内容,0.4989,222.5094,False,正向,0.9989,"AI复核失败，保留规则判断结果。错误信息：429 RESOURCE_EXHAUSTED. {'error': {'code': 429, 'message': 'You exceeded your current quota, please check your plan and billing details. For more information on this error, head to: https://ai.google.dev/gemini-api/docs/rate-limits. To monitor your current usage, head to: https://ai.dev/rate-limit. \n* Quota exceeded for metric: generativelanguage.googleapis.com/generate_content_free_tier_requests, limit: 5, model: gemini-2.5-flash\nPlease retry in 46.335536392s.', 'status': 'RESOURCE_EXHAUSTED', 'details': [{'@type': 'type.googleapis.com/google.rpc.Help', 'links': [{'description': 'Learn more about Gemini API quotas', 'url': 'https://ai.google.dev/gemini-api/docs/rate-limits'}]}, {'@type': 'type.googleapis.com/google.rpc.QuotaFailure', 'violations': [{'quotaMetric': 'generativelanguage.googleapis.com/generate_content_free_tier_requests', 'quotaId': 'GenerateRequestsPerMinutePerProjectPerModel-FreeTier', 'quotaDimensions': {'location': 'global', 'model': 'gemini-2.5-flash'}, 'quotaValue': '5'}]}, {'@type': 'type.googleapis.com/google.rpc.RetryInfo', 'retryDelay': '46s'}]}}",0.0,SnowNLP + 规则,AI复核失败，保留规则判断
bilibili,BV1TpjQ6TEQz,116802608695925,hot,羽鹏1,177977750,有干爹就是好呀,6,0,2026-06-24 10:41:16,303681832529,有干爹就是好呀,有干爹就是好呀,0.4646,0.4646,中立,SnowNLP原始判断,0.4646,中立,SnowNLP原始判断,0.03539999999999999,0.2124,False,,,,,SnowNLP + 规则,未进入AI复核队列
bilibili,BV1TpjQ6TEQz,116802608695925,hot,BlueRose180119,1339128098,接白鹿事业运啊，没能力没学历那么多贵人帮她，还是挺羡慕的[辣眼睛],63,3,2026-06-24 18:57:10,303725242593,接白鹿事业运啊，没能力没学历那么多贵人帮她，还是挺羡慕的[辣眼睛],接白鹿事业运啊，没能力没学历那么多贵人帮她，还是挺羡慕的辣眼睛,0.9986,0.9986,正向,SnowNLP原始判断,0.9986,正向,SnowNLP原始判断,0.49860000000000004,31.4118,False,,,,,SnowNLP + 规则,未进入AI复核队列
bilibili,BV1TpjQ6TEQz,116802608695925,hot,优酱lovelovelove,211702352,老头吃得太差了,126,4,2026-06-24 10:55:59,303682856257,老头吃得太差了,老头吃得太差了,0.0475,0.0475,负向,SnowNLP原始判断,0.0475,负向,SnowNLP原始判断,0.4525,57.015,False,,,,,SnowNLP + 规则,未进入AI复核队列
bilibili,BV1TpjQ6TEQz,116802608695925,hot,大哒哒哒大白,1576686135,她的路被铺的不能再平了，哪个男明星火了，下一部戏的女主就是她,260,0,2026-06-24 10:20:16,306792832208,她的路被铺的不能再平了，哪个男明星火了，下一部戏的女主就是她,她的路被铺的不能再平了，哪个男明星火了，下一部戏的女主就是她,0.9981,0.9981,正向,SnowNLP原始判断,0.9981,正向,SnowNLP原始判断,0.4981,129.506,False,正向,0.9981,"AI复核失败，保留规则判断结果。错误信息：429 RESOURCE_EXHAUSTED. {'error': {'code': 429, 'message': 'You exceeded your current quota, please check your plan and billing details. For more information on this error, head to: https://ai.google.dev/gemini-api/docs/rate-limits. To monitor your current usage, head to: https://ai.dev/rate-limit. \n* Quota exceeded for metric: generativelanguage.googleapis.com/generate_content_free_tier_requests, limit: 5, model: gemini-2.5-flash\nPlease retry in 35.274335377s.', 'status': 'RESOURCE_EXHAUSTED', 'details': [{'@type': 'type.googleapis.com/google.rpc.Help', 'links': [{'description': 'Learn more about Gemini API quotas', 'url': 'https://ai.google.dev/gemini-api/docs/rate-limits'}]}, {'@type': 'type.googleapis.com/google.rpc.QuotaFailure', 'violations': [{'quotaMetric': 'generativelanguage.googleapis.com/generate_content_free_tier_requests', 'quotaId': 'GenerateRequestsPerMinutePerProjectPerModel-FreeTier', 'quotaDimensions': {'location': 'global', 'model': 'gemini-2.5-flash'}, 'quotaValue': '5'}]}, {'@type': 'type.googleapis.com/google.rpc.RetryInfo', 'retryDelay': '35s'}]}}",0.0,SnowNLP + 规则,AI复核失败，保留规则判断
bilibili,BV1TpjQ6TEQz,116802608695925,hot,昭昭子规啼,23735393,她是怎么做到什么场合都不得体的,29,1,2026-06-24 18:39:57,303723378913,她是怎么做到什么场合都不得体的,她是怎么做到什么场合都不得体的,0.9399,0.9399,正向,SnowNLP原始判断,0.9399,正向,SnowNLP原始判断,0.43989999999999996,12.7571,False,,,,,SnowNLP + 规则,未进入AI复核队列
bilibili,BV1TpjQ6TEQz,116802608695925,hot,小森楼,270750197,内娱审美急速下降，看看十年二十年前的女主是啥样,81,5,2026-06-24 16:44:23,303712400305,内娱审美急速下降，看看十年二十年前的女主是啥样,内娱审美急速下降，看看十年二十年前的女主是啥样,0.6173,0.6173,正向,SnowNLP原始判断,0.6173,正向,SnowNLP原始判断,0.11729999999999996,9.5013,False,,,,,SnowNLP + 规则,未进入AI复核队列
bilibili,BV1TpjQ6TEQz,116802608695925,hot,沙卡拉卡Duang,26161189,到现在才知道…白鹿竟然是顶流啊？？？！[无语]我不关注娱乐圈好几年了[笑哭]只知道她的大笑[无语],816,12,2026-06-24 10:57:54,303683137153,到现在才知道…白鹿竟然是顶流啊？？？！[无语]我不关注娱乐圈好几年了[笑哭]只知道她的大笑[无语],到现在才知道白鹿竟然是顶流啊？？？！无语我不关注娱乐圈好几年了笑哭只知道她的大笑无语,0.218,0.218,负向,SnowNLP原始判断,0.218,负向,SnowNLP原始判断,0.28200000000000003,230.112,False,负向,0.218,"AI复核失败，保留规则判断结果。错误信息：429 RESOURCE_EXHAUSTED. {'error': {'code': 429, 'message': 'You exceeded your current quota, please check your plan and billing details. For more information on this error, head to: https://ai.google.dev/gemini-api/docs/rate-limits. To monitor your current usage, head to: https://ai.dev/rate-limit. \n* Quota exceeded for metric: generativelanguage.googleapis.com/generate_content_free_tier_requests, limit: 5, model: gemini-2.5-flash\nPlease retry in 47.68038971s.', 'status': 'RESOURCE_EXHAUSTED', 'details': [{'@type': 'type.googleapis.com/google.rpc.Help', 'links': [{'description': 'Learn more about Gemini API quotas', 'url': 'https://ai.google.dev/gemini-api/docs/rate-limits'}]}, {'@type': 'type.googleapis.com/google.rpc.QuotaFailure', 'violations': [{'quotaMetric': 'generativelanguage.googleapis.com/generate_content_free_tier_requests', 'quotaId': 'GenerateRequestsPerMinutePerProjectPerModel-FreeTier', 'quotaDimensions': {'location': 'global', 'model': 'gemini-2.5-flash'}, 'quotaValue': '5'}]}, {'@type': 'type.googleapis.com/google.rpc.RetryInfo', 'retryDelay': '47s'}]}}",0.0,SnowNLP + 规则,AI复核失败，保留规则判断
bilibili,BV1TpjQ6TEQz,116802608695925,hot,新疆炒米粉之神,3461576459815769,[打call],1035,11,2026-06-24 16:10:39,303709634737,[打call],打call,0.3333,0.3333,负向,SnowNLP原始判断,0.3333,负向,SnowNLP原始判断,0.16670000000000001,172.5345,False,负向,0.3333,"AI复核失败，保留规则判断结果。错误信息：429 RESOURCE_EXHAUSTED. {'error': {'code': 429, 'message': 'You exceeded your current quota, please check your plan and billing details. For more information on this error, head to: https://ai.google.dev/gemini-api/docs/rate-limits. To monitor your current usage, head to: https://ai.dev/rate-limit. \n* Quota exceeded for metric: generativelanguage.googleapis.com/generate_content_free_tier_requests, limit: 5, model: gemini-2.5-flash\nPlease retry in 39.717494158s.', 'status': 'RESOURCE_EXHAUSTED', 'details': [{'@type': 'type.googleapis.com/google.rpc.Help', 'links': [{'description': 'Learn more about Gemini API quotas', 'url': 'https://ai.google.dev/gemini-api/docs/rate-limits'}]}, {'@type': 'type.googleapis.com/google.rpc.QuotaFailure', 'violations': [{'quotaMetric': 'generativelanguage.googleapis.com/generate_content_free_tier_requests', 'quotaId': 'GenerateRequestsPerMinutePerProjectPerModel-FreeTier', 'quotaDimensions': {'location': 'global', 'model': 'gemini-2.5-flash'}, 'quotaValue': '5'}]}, {'@type': 'type.googleapis.com/google.rpc.RetryInfo', 'retryDelay': '39s'}]}}",0.0,SnowNLP + 规则,AI复核失败，保留规则判断
bilibili,BV1TpjQ6TEQz,116802608695925,hot,绯绯-毛球双卡双待版,413936607,看样子凉不了，没大的黑料，过几年就会变成岁月史书了，娱乐圈老辈子们的黑料都是实打实的，现在还都变成被人追捧的老戏骨了[辣眼睛],87,3,2026-06-24 16:55:34,306826907568,看样子凉不了，没大的黑料，过几年就会变成岁月史书了，娱乐圈老辈子们的黑料都是实打实的，现在还都变成被人追捧的老戏骨了[辣眼睛],看样子凉不了，没大的黑料，过几年就会变成岁月史书了，娱乐圈老辈子们的黑料都是实打实的，现在还都变成被人追捧的老戏骨了辣眼睛,0.475,0.475,中立,SnowNLP原始判断,0.475,中立,SnowNLP原始判断,0.025000000000000022,2.175,False,,,,,SnowNLP + 规则,未进入AI复核队列
bilibili,BV1TpjQ6TEQz,116802608695925,hot,天才不作心碎的诗歌,1195987559,刚看奔跑吧十四季 真就是白鹿在哪队哪队赢 落后还有配平文学 真的明显偏袒 看得憋屈死了,122,1,2026-06-24 10:12:57,303679755153,刚看奔跑吧十四季 真就是白鹿在哪队哪队赢 落后还有配平文学 真的明显偏袒 看得憋屈死了,刚看奔跑吧十四季 真就是白鹿在哪队哪队赢 落后还有配平文学 真的明显偏袒 看得憋屈死了,0.9685,0.9685,正向,SnowNLP原始判断,0.9685,正向,SnowNLP原始判断,0.4685,57.157,False,,,,,SnowNLP + 规则,未进入AI复核队列
bilibili,BV1TpjQ6TEQz,116802608695925,hot,imaeeeri,2043532040,她超在意，🫘自己实名举报了好多视频[藏狐],48,1,2026-06-24 16:07:52,306822836656,她超在意，🫘自己实名举报了好多视频[藏狐],她超在意，自己实名举报了好多视频藏狐,0.8944,0.8944,正向,SnowNLP原始判断,0.8944,正向,SnowNLP原始判断,0.3944,18.9312,False,,,,,SnowNLP + 规则,未进入AI复核队列
bilibili,BV1TpjQ6TEQz,116802608695925,hot,佑哒,488928887,虽然白鹿不好，也不能证明那俩就好啊[笑哭],64,1,2026-06-24 13:24:42,303696902097,虽然白鹿不好，也不能证明那俩就好啊[笑哭],虽然白鹿不好，也不能证明那俩就好啊笑哭,0.2684,0.2684,负向,SnowNLP原始判断,0.2684,负向,SnowNLP原始判断,0.23159999999999997,14.8224,False,,,,,SnowNLP + 规则,未进入AI复核队列
bilibili,BV1TpjQ6TEQz,116802608695925,hot,゚柊,2224163,资本捧人的实力不得不服,37,2,2026-06-24 19:34:35,303729173201,资本捧人的实力不得不服,资本捧人的实力不得不服,0.9219,0.9219,正向,SnowNLP原始判断,0.9219,正向,SnowNLP原始判断,0.42190000000000005,15.6103,False,,,,,SnowNLP + 规则,未进入AI复核队列
bilibili,BV1TpjQ6TEQz,116802608695925,hot,白池BCM,362209671,少女千颂伊说的这位吗 我真不行了,2114,9,2026-06-24 10:11:22,303679639745,少女千颂伊说的这位吗 我真不行了,少女千颂伊说的这位吗 我真不行了,0.7558,0.7558,正向,SnowNLP原始判断,0.7558,正向,SnowNLP原始判断,0.2558,540.7612,False,正向,0.7558,"AI复核失败，保留规则判断结果。错误信息：503 UNAVAILABLE. {'error': {'code': 503, 'message': 'This model is currently experiencing high demand. Spikes in demand are usually temporary. Please try again later.', 'status': 'UNAVAILABLE'}}",0.0,SnowNLP + 规则,AI复核失败，保留规则判断
bilibili,BV1TpjQ6TEQz,116802608695925,hot,电鳗鱿鱼,20990277,她的嘴动起来比她的脸还夺目。。。。,4,0,2026-06-24 17:37:54,303717291809,她的嘴动起来比她的脸还夺目。。。。,她的嘴动起来比她的脸还夺目。。。。,0.2061,0.2061,负向,SnowNLP原始判断,0.2061,负向,SnowNLP原始判断,0.2939,1.1756,False,,,,,SnowNLP + 规则,未进入AI复核队列
bilibili,BV1TpjQ6TEQz,116802608695925,hot,富江梦妍,3546769627548144,本来不信他跟江苏文投的事情，直到我亲眼看到这个热搜就上了一分钟点进去瞬间秒撤，我就懂了！,523,8,2026-06-24 10:27:17,306793195552,本来不信他跟江苏文投的事情，直到我亲眼看到这个热搜就上了一分钟点进去瞬间秒撤，我就懂了！,本来不信他跟江苏文投的事情，直到我亲眼看到这个热搜就上了一分钟点进去瞬间秒撤，我就懂了！,0.2123,0.2123,负向,SnowNLP原始判断,0.2123,负向,SnowNLP原始判断,0.2877,150.4671,False,负向,0.2123,"AI复核失败，保留规则判断结果。错误信息：429 RESOURCE_EXHAUSTED. {'error': {'code': 429, 'message': 'You exceeded your current quota, please check your plan and billing details. For more information on this error, head to: https://ai.google.dev/gemini-api/docs/rate-limits. To monitor your current usage, head to: https://ai.dev/rate-limit. \n* Quota exceeded for metric: generativelanguage.googleapis.com/generate_content_free_tier_requests, limit: 5, model: gemini-2.5-flash\nPlease retry in 38.51873376s.', 'status': 'RESOURCE_EXHAUSTED', 'details': [{'@type': 'type.googleapis.com/google.rpc.Help', 'links': [{'description': 'Learn more about Gemini API quotas', 'url': 'https://ai.google.dev/gemini-api/docs/rate-limits'}]}, {'@type': 'type.googleapis.com/google.rpc.QuotaFailure', 'violations': [{'quotaMetric': 'generativelanguage.googleapis.com/generate_content_free_tier_requests', 'quotaId': 'GenerateRequestsPerMinutePerProjectPerModel-FreeTier', 'quotaDimensions': {'location': 'global', 'model': 'gemini-2.5-flash'}, 'quotaValue': '5'}]}, {'@type': 'type.googleapis.com/google.rpc.RetryInfo', 'retryDelay': '38s'}]}}",0.0,SnowNLP + 规则,AI复核失败，保留规则判断
bilibili,BV1TpjQ6TEQz,116802608695925,hot,云光小拙乐,1607629583,这些领导的审美真够扭曲的[笑哭]被权力熏的不成人形了都,2,0,2026-06-24 19:37:10,303729426609,这些领导的审美真够扭曲的[笑哭]被权力熏的不成人形了都,这些领导的审美真够扭曲的笑哭被权力熏的不成人形了都,0.0485,0.0485,负向,SnowNLP原始判断,0.0485,负向,SnowNLP原始判断,0.4515,0.903,False,,,,,SnowNLP + 规则,未进入AI复核队列
bilibili,BV1TpjQ6TEQz,116802608695925,hot,玫瑰茆茆,102510588,很无语啊。。。你说她没分寸，但是业内的高层还都陪着她笑。。。不知道她是会社交还是怎么的都在包容她，我不理解。。。,47,7,2026-06-24 10:30:10,303680957377,很无语啊。。。你说她没分寸，但是业内的高层还都陪着她笑。。。不知道她是会社交还是怎么的都在包容她，我不理解。。。,很无语啊。。。你说她没分寸，但是业内的高层还都陪着她笑。。。不知道她是会社交还是怎么的都在包容她，我不理解。。。,0.1979,0.1979,负向,检测到转折句，优先分析转折后内容；转折后内容带有负向/质疑信号，修正为负向,0.1979,负向,检测到转折句，优先分析转折后内容；转折后内容带有负向/质疑信号，修正为负向,0.30210000000000004,14.1987,False,,,,,SnowNLP + 规则,未进入AI复核队列
bilibili,BV1TpjQ6TEQz,116802608695925,hot,橘子皮泡水-,65397709,辟谣她的大专3+2学历学校之前是中专，到现在也没发个学信网。。。,149,6,2026-06-24 16:25:39,306824426752,辟谣她的大专3+2学历学校之前是中专，到现在也没发个学信网。。。,辟谣她的大专32学历学校之前是中专，到现在也没发个学信网。。。,0.9985,0.9985,正向,SnowNLP原始判断,0.9985,正向,SnowNLP原始判断,0.49850000000000005,74.2765,False,正向,0.9985,"AI复核失败，保留规则判断结果。错误信息：429 RESOURCE_EXHAUSTED. {'error': {'code': 429, 'message': 'You exceeded your current quota, please check your plan and billing details. For more information on this error, head to: https://ai.google.dev/gemini-api/docs/rate-limits. To monitor your current usage, head to: https://ai.dev/rate-limit. \n* Quota exceeded for metric: generativelanguage.googleapis.com/generate_content_free_tier_requests, limit: 5, model: gemini-2.5-flash\nPlease retry in 29.215199218s.', 'status': 'RESOURCE_EXHAUSTED', 'details': [{'@type': 'type.googleapis.com/google.rpc.Help', 'links': [{'description': 'Learn more about Gemini API quotas', 'url': 'https://ai.google.dev/gemini-api/docs/rate-limits'}]}, {'@type': 'type.googleapis.com/google.rpc.QuotaFailure', 'violations': [{'quotaMetric': 'generativelanguage.googleapis.com/generate_content_free_tier_requests', 'quotaId': 'GenerateRequestsPerMinutePerProjectPerModel-FreeTier', 'quotaDimensions': {'location': 'global', 'model': 'gemini-2.5-flash'}, 'quotaValue': '5'}]}, {'@type': 'type.googleapis.com/google.rpc.RetryInfo', 'retryDelay': '29s'}]}}",0.0,SnowNLP + 规则,AI复核失败，保留规则判断
bilibili,BV1TpjQ6TEQz,116802608695925,hot,无敌幸运星-_-,417368907,居然上热搜了，保护up[妙啊],85,3,2026-06-24 16:32:28,306824788880,居然上热搜了，保护up[妙啊],居然上热搜了，保护up妙啊,0.2119,0.2119,负向,SnowNLP原始判断,0.2119,负向,SnowNLP原始判断,0.2881,24.4885,False,,,,,SnowNLP + 规则,未进入AI复核队列
bilibili,BV1TpjQ6TEQz,116802608695925,hot,姬星玲音,8097174,哦，居然能压制关晓彤，啧啧啧。有故事,5,0,2026-06-24 19:25:17,303728207073,哦，居然能压制关晓彤，啧啧啧。有故事,哦，居然能压制关晓彤，啧啧啧。有故事,0.0541,0.0541,负向,SnowNLP原始判断,0.0541,负向,SnowNLP原始判断,0.4459,2.2295,False,,,,,SnowNLP + 规则,未进入AI复核队列
bilibili,BV1TpjQ6TEQz,116802608695925,hot,大量冷盐水,111741601,怪不得她特别没教养，吃蘸酱菜的时候咬一口蘸一下,4,0,2026-06-24 15:30:48,306820167248,怪不得她特别没教养，吃蘸酱菜的时候咬一口蘸一下,怪不得她特别没教养，吃蘸酱菜的时候咬一口蘸一下,0.1617,0.1617,负向,SnowNLP原始判断,0.1617,负向,SnowNLP原始判断,0.3383,1.3532,False,,,,,SnowNLP + 规则,未进入AI复核队列
bilibili,BV1TpjQ6TEQz,116802608695925,hot,凌依雪,167344,精神老妹儿崩老头儿，占用了大量她人资源，还没素质[OK],5,0,2026-06-24 12:20:31,306803490064,精神老妹儿崩老头儿，占用了大量她人资源，还没素质[OK],精神老妹儿崩老头儿，占用了大量她人资源，还没素质OK,0.5565,0.5565,中立,SnowNLP原始判断,0.5565,中立,SnowNLP原始判断,0.056499999999999995,0.2825,False,,,,,SnowNLP + 规则,未进入AI复核队列
bilibili,BV1TpjQ6TEQz,116802608695925,hot,S_Violetta,178718459,没家世背景还能这么有资源只能是傍大款呗,63,6,2026-06-24 17:04:48,303714029233,没家世背景还能这么有资源只能是傍大款呗,没家世背景还能这么有资源只能是傍大款呗,0.8562,0.8562,正向,SnowNLP原始判断,0.8562,正向,SnowNLP原始判断,0.35619999999999996,22.4406,False,,,,,SnowNLP + 规则,未进入AI复核队列
bilibili,BV1TpjQ6TEQz,116802608695925,hot,快乐最重要XD,137185557,不得不说 于正还是非常会营销、会捧人的 当下有什么热点都知道 硬往自己艺人身上套 [笑哭],61,5,2026-06-24 10:16:14,303679994913,不得不说 于正还是非常会营销、会捧人的 当下有什么热点都知道 硬往自己艺人身上套 [笑哭],不得不说 于正还是非常会营销、会捧人的 当下有什么热点都知道 硬往自己艺人身上套 笑哭,0.9754,0.25,负向,讽刺/质疑类表达修正,0.25,负向,讽刺/质疑类表达修正,0.25,15.25,False,,,,,SnowNLP + 规则,未进入AI复核队列
bilibili,BV1TpjQ6TEQz,116802608695925,hot,2gather4ever,3546976232671878,"白鹿这人可怕的点从来不是她觉得是什么性别, 而是她常常有意无意透过男性化去贬低女性, 表示说自己是男生所以好相处, 暗喻女生不好相处等等.",22,0,2026-06-24 19:43:18,303730173265,"白鹿这人可怕的点从来不是她觉得是什么性别, 而是她常常有意无意透过男性化去贬低女性, 表示说自己是男生所以好相处, 暗喻女生不好相处等等.","白鹿这人可怕的点从来不是她觉得是什么性别, 而是她常常有意无意透过男性化去贬低女性, 表示说自己是男生所以好相处, 暗喻女生不好相处等等.",1.0,0.2,负向,焦虑/恐惧类表达修正,0.2,负向,焦虑/恐惧类表达修正,0.3,6.6,False,,,,,SnowNLP + 规则,未进入AI复核队列
bilibili,BV1TpjQ6TEQz,116802608695925,hot,漾云清,170815909,她演戏不就是当拍那些短视频吗,59,1,2026-06-24 12:41:11,306805671280,她演戏不就是当拍那些短视频吗,她演戏不就是当拍那些短视频吗,0.6221,0.6221,正向,SnowNLP原始判断,0.6221,正向,SnowNLP原始判断,0.12209999999999999,7.2039,False,,,,,SnowNLP + 规则,未进入AI复核队列
bilibili,BV1TpjQ6TEQz,116802608695925,hot,苏菲的幸运之光,11895280,弹幕好多粉丝装路人挽尊啊笑死了[喜极而泣][笑哭],6,0,2026-06-24 16:17:32,303710064289,弹幕好多粉丝装路人挽尊啊笑死了[喜极而泣][笑哭],弹幕好多粉丝装路人挽尊啊笑死了喜极而泣笑哭,0.8348,0.25,负向,讽刺/质疑类表达修正,0.25,负向,讽刺/质疑类表达修正,0.25,1.5,False,,,,,SnowNLP + 规则,未进入AI复核队列
bilibili,BV1TpjQ6TEQz,116802608695925,hot,魔法橙飛毯,1218409410,崩老头也得有天赋，bl明显是会崩的,23,0,2026-06-24 19:04:34,306839881792,崩老头也得有天赋，bl明显是会崩的,崩老头也得有天赋，bl明显是会崩的,0.3329,0.3329,负向,SnowNLP原始判断,0.3329,负向,SnowNLP原始判断,0.16710000000000003,3.8433,False,,,,,SnowNLP + 规则,未进入AI复核队列
bilibili,BV1TpjQ6TEQz,116802608695925,hot,代号一鬼眼杨间,3461572015950209,感觉他火的莫名其妙的。还有就是白鹿演的剧我是真tm一个没看过，刷视频都没刷到过。第1次看他还是奔跑吧兄弟。,67,1,2026-06-24 14:10:42,306814035568,感觉他火的莫名其妙的。还有就是白鹿演的剧我是真tm一个没看过，刷视频都没刷到过。第1次看他还是奔跑吧兄弟。,感觉他火的莫名其妙的。还有就是白鹿演的剧我是真tm一个没看过，刷视频都没刷到过。第1次看他还是奔跑吧兄弟。,0.7676,0.7676,正向,SnowNLP原始判断,0.7676,正向,SnowNLP原始判断,0.26759999999999995,17.9292,False,,,,,SnowNLP + 规则,未进入AI复核队列
bilibili,BV1TpjQ6TEQz,116802608695925,hot,但有明月,34175132,他就像带了系统的玩家一样，大家都要莫名其妙的支持他。,41,1,2026-06-24 17:03:41,306827705792,他就像带了系统的玩家一样，大家都要莫名其妙的支持他。,他就像带了系统的玩家一样，大家都要莫名其妙的支持他。,0.1432,0.7,正向,正向关键词修正,0.7,正向,正向关键词修正,0.19999999999999996,8.2,False,,,,,SnowNLP + 规则,未进入AI复核队列
bilibili,BV1TpjQ6TEQz,116802608695925,hot,皮蛋教教主,543474239,不是很了解她，印象就是素质有些低，演戏有点小人得志,3,0,2026-06-24 16:54:29,306826799008,不是很了解她，印象就是素质有些低，演戏有点小人得志,不是很了解她，印象就是素质有些低，演戏有点小人得志,0.537,0.537,中立,SnowNLP原始判断,0.537,中立,SnowNLP原始判断,0.03700000000000003,0.111,False,,,,,SnowNLP + 规则,未进入AI复核队列
bilibili,BV1TpjQ6TEQz,116802608695925,hot,-麦子熟了吗,25092854,她这种人居然能演《北上》当时我就觉得背景不一般……,2,0,2026-06-24 19:49:11,303730699889,她这种人居然能演《北上》当时我就觉得背景不一般……,她这种人居然能演《北上》当时我就觉得背景不一般,0.3847,0.3847,负向,SnowNLP原始判断,0.3847,负向,SnowNLP原始判断,0.11530000000000001,0.2306,False,,,,,SnowNLP + 规则,未进入AI复核队列
bilibili,BV1TpjQ6TEQz,116802608695925,hot,antibody,439342034,如果跟zlh谈过，那么zlh也臭臭的,294,10,2026-06-24 10:13:38,306792340560,如果跟zlh谈过，那么zlh也臭臭的,如果跟zlh谈过，那么zlh也臭臭的,0.0085,0.0085,负向,SnowNLP原始判断,0.0085,负向,SnowNLP原始判断,0.4915,144.501,False,负向,0.0085,"AI复核失败，保留规则判断结果。错误信息：429 RESOURCE_EXHAUSTED. {'error': {'code': 429, 'message': 'You exceeded your current quota, please check your plan and billing details. For more information on this error, head to: https://ai.google.dev/gemini-api/docs/rate-limits. To monitor your current usage, head to: https://ai.dev/rate-limit. \n* Quota exceeded for metric: generativelanguage.googleapis.com/generate_content_free_tier_requests, limit: 5, model: gemini-2.5-flash\nPlease retry in 36.609567488s.', 'status': 'RESOURCE_EXHAUSTED', 'details': [{'@type': 'type.googleapis.com/google.rpc.Help', 'links': [{'description': 'Learn more about Gemini API quotas', 'url': 'https://ai.google.dev/gemini-api/docs/rate-limits'}]}, {'@type': 'type.googleapis.com/google.rpc.QuotaFailure', 'violations': [{'quotaMetric': 'generativelanguage.googleapis.com/generate_content_free_tier_requests', 'quotaId': 'GenerateRequestsPerMinutePerProjectPerModel-FreeTier', 'quotaDimensions': {'location': 'global', 'model': 'gemini-2.5-flash'}, 'quotaValue': '5'}]}, {'@type': 'type.googleapis.com/google.rpc.RetryInfo', 'retryDelay': '36s'}]}}",0.0,SnowNLP + 规则,AI复核失败，保留规则判断
bilibili,BV1TpjQ6TEQz,116802608695925,hot,大大大大人来啦,259898144,"我只有一个问题
她长这样
怎么让老爷护着的
莫非真有人恋丑？[思考]",87,16,2026-06-24 18:12:43,306834346224,"我只有一个问题
她长这样
怎么让老爷护着的
莫非真有人恋丑？[思考]",我只有一个问题她长这样怎么让老爷护着的莫非真有人恋丑？思考,0.9212,0.9212,正向,SnowNLP原始判断,0.9212,正向,SnowNLP原始判断,0.4212,36.6444,False,,,,,SnowNLP + 规则,未进入AI复核队列
bilibili,BV1TpjQ6TEQz,116802608695925,hot,无语啦-----,2147279401,白鹿翻开几本高干爽文，皱了皱眉说：这也不爽呀,56,1,2026-06-24 15:38:12,306820653312,白鹿翻开几本高干爽文，皱了皱眉说：这也不爽呀,白鹿翻开几本高干爽文，皱了皱眉说：这也不爽呀,0.247,0.247,负向,SnowNLP原始判断,0.247,负向,SnowNLP原始判断,0.253,14.168,False,,,,,SnowNLP + 规则,未进入AI复核队列
bilibili,BV1TpjQ6TEQz,116802608695925,hot,冬青木的树丫,11126014,好聒噪啊我的天,5,0,2026-06-24 13:19:46,306809708800,好聒噪啊我的天,好聒噪啊我的天,0.2376,0.2376,负向,SnowNLP原始判断,0.2376,负向,SnowNLP原始判断,0.26239999999999997,1.312,False,,,,,SnowNLP + 规则,未进入AI复核队列
bilibili,BV1TpjQ6TEQz,116802608695925,hot,小白白的沐沐,495890936,先说一下批的什么瑶吧，证据也没有，那姐：这很难评,363,8,2026-06-24 13:14:13,306809114848,先说一下批的什么瑶吧，证据也没有，那姐：这很难评,先说一下批的什么瑶吧，证据也没有，那姐：这很难评,0.2188,0.2188,负向,SnowNLP原始判断,0.2188,负向,SnowNLP原始判断,0.2812,102.0756,False,负向,0.2188,"AI复核失败，保留规则判断结果。错误信息：429 RESOURCE_EXHAUSTED. {'error': {'code': 429, 'message': 'You exceeded your current quota, please check your plan and billing details. For more information on this error, head to: https://ai.google.dev/gemini-api/docs/rate-limits. To monitor your current usage, head to: https://ai.dev/rate-limit. \n* Quota exceeded for metric: generativelanguage.googleapis.com/generate_content_free_tier_requests, limit: 5, model: gemini-2.5-flash\nPlease retry in 32.654337206s.', 'status': 'RESOURCE_EXHAUSTED', 'details': [{'@type': 'type.googleapis.com/google.rpc.Help', 'links': [{'description': 'Learn more about Gemini API quotas', 'url': 'https://ai.google.dev/gemini-api/docs/rate-limits'}]}, {'@type': 'type.googleapis.com/google.rpc.QuotaFailure', 'violations': [{'quotaMetric': 'generativelanguage.googleapis.com/generate_content_free_tier_requests', 'quotaId': 'GenerateRequestsPerMinutePerProjectPerModel-FreeTier', 'quotaDimensions': {'location': 'global', 'model': 'gemini-2.5-flash'}, 'quotaValue': '5'}]}, {'@type': 'type.googleapis.com/google.rpc.RetryInfo', 'retryDelay': '32s'}]}}",0.0,SnowNLP + 规则,AI复核失败，保留规则判断
bilibili,BV1TpjQ6TEQz,116802608695925,hot,二蛋的小珂爱,491319071,漂亮，没文化，放的开。全是优点。,182,16,2026-06-24 10:31:25,303681144801,漂亮，没文化，放的开。全是优点。,漂亮，没文化，放的开。全是优点。,0.7864,0.7864,正向,SnowNLP原始判断,0.7864,正向,SnowNLP原始判断,0.2864,52.1248,False,,,,,SnowNLP + 规则,未进入AI复核队列
bilibili,BV1TpjQ6TEQz,116802608695925,hot,JoJoJo猫,4780342,这种人在职场确实很受领导喜欢,39,1,2026-06-24 18:43:17,306837567296,这种人在职场确实很受领导喜欢,这种人在职场确实很受领导喜欢,0.9891,0.9891,正向,SnowNLP原始判断,0.9891,正向,SnowNLP原始判断,0.4891,19.0749,False,,,,,SnowNLP + 规则,未进入AI复核队列
bilibili,BV1TpjQ6TEQz,116802608695925,hot,神仙火腿,5065393,bl：我顺极了[脱单doge],92,1,2026-06-24 10:25:38,303680633713,bl：我顺极了[脱单doge],bl：我顺极了脱单doge,0.2941,0.2941,负向,SnowNLP原始判断,0.2941,负向,SnowNLP原始判断,0.20590000000000003,18.9428,False,,,,,SnowNLP + 规则,未进入AI复核队列
bilibili,BV1TpjQ6TEQz,116802608695925,hot,炸蘇又_,354591335,[微笑]她背后的人得多有实力，才敢这么玩啊,47,0,2026-06-24 10:39:08,306794349600,[微笑]她背后的人得多有实力，才敢这么玩啊,微笑她背后的人得多有实力，才敢这么玩啊,0.9765,0.9765,正向,SnowNLP原始判断,0.9765,正向,SnowNLP原始判断,0.47650000000000003,22.3955,False,,,,,SnowNLP + 规则,未进入AI复核队列
bilibili,BV1TpjQ6TEQz,116802608695925,hot,CobraStarship,2591252,跟老头应该是真的 怪不得这么狂,102,0,2026-06-24 10:39:58,303681662417,跟老头应该是真的 怪不得这么狂,跟老头应该是真的 怪不得这么狂,0.2275,0.2275,负向,SnowNLP原始判断,0.2275,负向,SnowNLP原始判断,0.27249999999999996,27.795,False,,,,,SnowNLP + 规则,未进入AI复核队列
bilibili,BV1TpjQ6TEQz,116802608695925,hot,AI导演木子大橘,19674783,她长得好丑啊，而且一看就是estp人格，这种人，千万别深交，他们天生爱说谎，而且下意识就会撒谎，而且他们撒谎了也不记得自己撒谎，你指出来他们要不就不承认，拿出视频给他们看，他们就会解释当时只是为了方便随后那么一说，不要认真，这么说是不是觉得跟某人很像，对，就是懂王，estp人格就是这样，男女差异就是活跃程度，女性estp就是在社交场合像个活宝一样，但是她们是没底线的，毫无底线，道德和规则这种东西他们是真心不尊重也不在乎的，遵守只是扛不住违法成本罢了。,3,0,2026-06-24 15:59:47,303708703633,她长得好丑啊，而且一看就是estp人格，这种人，千万别深交，他们天生爱说谎，而且下意识就会撒谎，而且他们撒谎了也不记得自己撒谎，你指出来他们要不就不承认，拿出视频给他们看，他们就会解释当时只是为了方便随后那么一说，不要认真，这么说是不是觉得跟某人很像，对，就是懂王，estp人格就是这样，男女差异就是活跃程度，女性estp就是在社交场合像个活宝一样，但是她们是没底线的，毫无底线，道德和规则这种东西他们是真心不尊重也不在乎的，遵守只是扛不住违法成本罢了。,她长得好丑啊，而且一看就是estp人格，这种人，千万别深交，他们天生爱说谎，而且下意识就会撒谎，而且他们撒谎了也不记得自己撒谎，你指出来他们要不就不承认，拿出视频给他们看，他们就会解释当时只是为了方便随后那么一说，不要认真，这么说是不是觉得跟某人很像，对，就是懂王，estp人格就是这样，男女差异就是活跃程度，女性estp就是在社交场合像个活宝一样，但是她们是没底线的，毫无底线，道德和规则这种东西他们是真心不尊重也不在乎的，遵守只是扛不住违法成本罢了。,0.9107,0.9107,正向,检测到转折句，优先分析转折后内容,0.9107,正向,检测到转折句，优先分析转折后内容,0.41069999999999995,1.2321,False,,,,,SnowNLP + 规则,未进入AI复核队列
bilibili,BV1TpjQ6TEQz,116802608695925,hot,拨波熊长,24714394,我一直觉得她挺土的，对她没好感，从没看过她的剧。但是这个视频看完，觉得这老妹儿挺支棱，挺精神儿的。感觉显眼包也不是啥错，我可能离被崩不远了[辣眼睛],84,11,2026-06-24 17:30:19,303716497441,我一直觉得她挺土的，对她没好感，从没看过她的剧。但是这个视频看完，觉得这老妹儿挺支棱，挺精神儿的。感觉显眼包也不是啥错，我可能离被崩不远了[辣眼睛],我一直觉得她挺土的，对她没好感，从没看过她的剧。但是这个视频看完，觉得这老妹儿挺支棱，挺精神儿的。感觉显眼包也不是啥错，我可能离被崩不远了辣眼睛,0.9989,0.9989,正向,检测到转折句，优先分析转折后内容,0.9989,正向,检测到转折句，优先分析转折后内容,0.4989,41.9076,False,,,,,SnowNLP + 规则,未进入AI复核队列
bilibili,BV1TpjQ6TEQz,116802608695925,hot,小玄没有策啊,1109553782,她根本不是95花，同期段请拿她和90花比[doge_金箍],80,2,2026-06-24 14:51:20,303703426209,她根本不是95花，同期段请拿她和90花比[doge_金箍],她根本不是95花，同期段请拿她和90花比doge金箍,0.1187,0.1187,负向,SnowNLP原始判断,0.1187,负向,SnowNLP原始判断,0.3813,30.504,False,,,,,SnowNLP + 规则,未进入AI复核队列
bilibili,BV1TpjQ6TEQz,116802608695925,hot,外星来饼,23131544,粉丝“她又没有做什么伤天害理的事情，为什么一直揪着不放”        让人无语,20,1,2026-06-24 16:53:54,306826781664,粉丝“她又没有做什么伤天害理的事情，为什么一直揪着不放”        让人无语,粉丝“她又没有做什么伤天害理的事情，为什么一直揪着不放” 让人无语,0.6808,0.25,负向,负向关键词修正；讽刺/质疑类表达修正,0.25,负向,负向关键词修正；讽刺/质疑类表达修正,0.25,5.0,False,,,,,SnowNLP + 规则,未进入AI复核队列
bilibili,BV1TpjQ6TEQz,116802608695925,hot,雨烟---,419233044,"盲生，我发现了一个华点☝🤓
把女孩当男孩养，并不一定会让她们活得独立强大，反而更有可能让她们变成菟丝子。比如白男士，比如奶茶mm章泽天。",4,0,2026-06-24 17:57:38,306832781104,"盲生，我发现了一个华点☝🤓
把女孩当男孩养，并不一定会让她们活得独立强大，反而更有可能让她们变成菟丝子。比如白男士，比如奶茶mm章泽天。",盲生，我发现了一个华点把女孩当男孩养，并不一定会让她们活得独立强大，反而更有可能让她们变成菟丝子。比如白男士，比如奶茶mm章泽天。,1.0,1.0,正向,SnowNLP原始判断,1.0,正向,SnowNLP原始判断,0.5,2.0,False,,,,,SnowNLP + 规则,未进入AI复核队列
bilibili,BV1TpjQ6TEQz,116802608695925,hot,芝士大草莓biu,98072865,她说话笑什么的，好喜欢漏上牙和牙龈啊，上嘴皮往上翻。。。。这个习惯看着好不舒服啊,61,1,2026-06-24 10:20:45,303680352209,她说话笑什么的，好喜欢漏上牙和牙龈啊，上嘴皮往上翻。。。。这个习惯看着好不舒服啊,她说话笑什么的，好喜欢漏上牙和牙龈啊，上嘴皮往上翻。。。。这个习惯看着好不舒服啊,0.1339,0.7,正向,正向关键词修正,0.7,正向,正向关键词修正,0.19999999999999996,12.2,False,,,,,SnowNLP + 规则,未进入AI复核队列
bilibili,BV1TpjQ6TEQz,116802608695925,hot,Cecelia-One,11180930,我想起来了，封面特别像这只企鹅,900,7,2026-06-24 10:31:59,306793737824,我想起来了，封面特别像这只企鹅,我想起来了，封面特别像这只企鹅,0.7338,0.7338,正向,SnowNLP原始判断,0.7338,正向,SnowNLP原始判断,0.2338,210.42,False,正向,0.7338,"AI复核失败，保留规则判断结果。错误信息：429 RESOURCE_EXHAUSTED. {'error': {'code': 429, 'message': 'You exceeded your current quota, please check your plan and billing details. For more information on this error, head to: https://ai.google.dev/gemini-api/docs/rate-limits. To monitor your current usage, head to: https://ai.dev/rate-limit. \n* Quota exceeded for metric: generativelanguage.googleapis.com/generate_content_free_tier_requests, limit: 5, model: gemini-2.5-flash\nPlease retry in 44.977022969s.', 'status': 'RESOURCE_EXHAUSTED', 'details': [{'@type': 'type.googleapis.com/google.rpc.Help', 'links': [{'description': 'Learn more about Gemini API quotas', 'url': 'https://ai.google.dev/gemini-api/docs/rate-limits'}]}, {'@type': 'type.googleapis.com/google.rpc.QuotaFailure', 'violations': [{'quotaMetric': 'generativelanguage.googleapis.com/generate_content_free_tier_requests', 'quotaId': 'GenerateRequestsPerMinutePerProjectPerModel-FreeTier', 'quotaDimensions': {'model': 'gemini-2.5-flash', 'location': 'global'}, 'quotaValue': '5'}]}, {'@type': 'type.googleapis.com/google.rpc.RetryInfo', 'retryDelay': '44s'}]}}",0.0,SnowNLP + 规则,AI复核失败，保留规则判断
bilibili,BV1TpjQ6TEQz,116802608695925,hot,zxrxjzfs,1322208519,我的天呐 不得不说他的面部表情真的非常的太妹 完全就是一个没有素质的人感觉,19,0,2026-06-24 10:22:37,306792918288,我的天呐 不得不说他的面部表情真的非常的太妹 完全就是一个没有素质的人感觉,我的天呐 不得不说他的面部表情真的非常的太妹 完全就是一个没有素质的人感觉,0.357,0.357,负向,SnowNLP原始判断,0.357,负向,SnowNLP原始判断,0.14300000000000002,2.717,False,,,,,SnowNLP + 规则,未进入AI复核队列
bilibili,BV1TpjQ6TEQz,116802608695925,hot,最佳棷槑勋章,192228492,背景好硬啊，她的一部剧我都没看，就知道好多剧女主角都是她，笑的太吵了[蹲蹲],51,0,2026-06-24 17:58:30,303719162689,背景好硬啊，她的一部剧我都没看，就知道好多剧女主角都是她，笑的太吵了[蹲蹲],背景好硬啊，她的一部剧我都没看，就知道好多剧女主角都是她，笑的太吵了蹲蹲,0.9896,0.9896,正向,SnowNLP原始判断,0.9896,正向,SnowNLP原始判断,0.48960000000000004,24.9696,False,,,,,SnowNLP + 规则,未进入AI复核队列
bilibili,BV1TpjQ6TEQz,116802608695925,hot,神剑庄三少爷,692535316,他是不是比文章还要顺[思考][思考][思考],53,11,2026-06-24 15:34:57,306820368368,他是不是比文章还要顺[思考][思考][思考],他是不是比文章还要顺思考思考思考,0.9991,0.9991,正向,SnowNLP原始判断,0.9991,正向,SnowNLP原始判断,0.4991,26.4523,False,,,,,SnowNLP + 规则,未进入AI复核队列
bilibili,BV1TpjQ6TEQz,116802608695925,hot,我就纳闷了叫啥不行啊,4920968,实话说，她这种性格确实相当讨一部分男人喜欢，就是那种没头没脑开心果的感觉，而且她长得也不差，她男人缘应该挺好的,6,0,2026-06-24 18:31:39,303722518913,实话说，她这种性格确实相当讨一部分男人喜欢，就是那种没头没脑开心果的感觉，而且她长得也不差，她男人缘应该挺好的,实话说，她这种性格确实相当讨一部分男人喜欢，就是那种没头没脑开心果的感觉，而且她长得也不差，她男人缘应该挺好的,0.9752,0.9752,正向,SnowNLP原始判断,0.9752,正向,SnowNLP原始判断,0.47519999999999996,2.8512,False,,,,,SnowNLP + 规则,未进入AI复核队列
bilibili,BV1TpjQ6TEQz,116802608695925,hot,weixun长岛冰茶,3546773496793817,白鹿好大的一张脸,3,0,2026-06-24 19:18:57,306841435168,白鹿好大的一张脸,白鹿好大的一张脸,0.2006,0.2006,负向,SnowNLP原始判断,0.2006,负向,SnowNLP原始判断,0.2994,0.8982,False,,,,,SnowNLP + 规则,未进入AI复核队列
bilibili,BV1TpjQ6TEQz,116802608695925,hot,失忆渔摆摆,85501912,我真想不通为啥这么多人捧她 就算陪了也不至于这样吧,64,2,2026-06-24 10:36:12,306794067648,我真想不通为啥这么多人捧她 就算陪了也不至于这样吧,我真想不通为啥这么多人捧她 就算陪了也不至于这样吧,0.0334,0.0334,负向,SnowNLP原始判断,0.0334,负向,SnowNLP原始判断,0.4666,29.8624,False,,,,,SnowNLP + 规则,未进入AI复核队列
bilibili,BV1TpjQ6TEQz,116802608695925,hot,alf77,13801767,一直搞不懂到底什么人在喜欢她[热],5,1,2026-06-24 10:32:07,303681039313,一直搞不懂到底什么人在喜欢她[热],一直搞不懂到底什么人在喜欢她热,0.1386,0.7,正向,正向关键词修正,0.7,正向,正向关键词修正,0.19999999999999996,1.0,False,,,,,SnowNLP + 规则,未进入AI复核队列
bilibili,BV1TpjQ6TEQz,116802608695925,hot,bili_29052576455,1218595579,还有不知道第多少关[吃瓜][吃瓜][吃瓜][吃瓜],833,6,2026-06-24 14:17:21,303701007745,还有不知道第多少关[吃瓜][吃瓜][吃瓜][吃瓜],还有不知道第多少关吃瓜吃瓜吃瓜吃瓜,0.1225,0.1225,负向,SnowNLP原始判断,0.1225,负向,SnowNLP原始判断,0.3775,314.4575,False,负向,0.1225,"AI复核失败，保留规则判断结果。错误信息：429 RESOURCE_EXHAUSTED. {'error': {'code': 429, 'message': 'You exceeded your current quota, please check your plan and billing details. For more information on this error, head to: https://ai.google.dev/gemini-api/docs/rate-limits. To monitor your current usage, head to: https://ai.dev/rate-limit. \n* Quota exceeded for metric: generativelanguage.googleapis.com/generate_content_free_tier_requests, limit: 5, model: gemini-2.5-flash\nPlease retry in 52.096067982s.', 'status': 'RESOURCE_EXHAUSTED', 'details': [{'@type': 'type.googleapis.com/google.rpc.Help', 'links': [{'description': 'Learn more about Gemini API quotas', 'url': 'https://ai.google.dev/gemini-api/docs/rate-limits'}]}, {'@type': 'type.googleapis.com/google.rpc.QuotaFailure', 'violations': [{'quotaMetric': 'generativelanguage.googleapis.com/generate_content_free_tier_requests', 'quotaId': 'GenerateRequestsPerMinutePerProjectPerModel-FreeTier', 'quotaDimensions': {'location': 'global', 'model': 'gemini-2.5-flash'}, 'quotaValue': '5'}]}, {'@type': 'type.googleapis.com/google.rpc.RetryInfo', 'retryDelay': '52s'}]}}",0.0,SnowNLP + 规则,AI复核失败，保留规则判断
bilibili,BV1TpjQ6TEQz,116802608695925,hot,路人npc这一块,3546964893370441,这视频难受的我都看不完[笑哭]看了一半就受不了了,7,0,2026-06-24 18:33:02,306836455808,这视频难受的我都看不完[笑哭]看了一半就受不了了,这视频难受的我都看不完笑哭看了一半就受不了了,0.1337,0.1337,负向,SnowNLP原始判断,0.1337,负向,SnowNLP原始判断,0.36629999999999996,2.5641,False,,,,,SnowNLP + 规则,未进入AI复核队列
bilibili,BV1TpjQ6TEQz,116802608695925,hot,竹樾Eryn,34022364,只是纳闷，有学历造假吗？？？这学历还要造假？[笑哭],39,4,2026-06-24 19:17:24,303727449697,只是纳闷，有学历造假吗？？？这学历还要造假？[笑哭],只是纳闷，有学历造假吗？？？这学历还要造假？笑哭,0.0051,0.0051,负向,检测到转折句，优先分析转折后内容,0.0051,负向,检测到转折句，优先分析转折后内容,0.4949,19.3011,False,,,,,SnowNLP + 规则,未进入AI复核队列
bilibili,BV1TpjQ6TEQz,116802608695925,hot,何时才能有猫,70551717,大家可能不看纯文学，谁知道我知道徐则臣的北上女主是白鹿有多震惊，我现在手边还有徐则臣的耶路撒冷,374,10,2026-06-24 16:03:48,306822650528,大家可能不看纯文学，谁知道我知道徐则臣的北上女主是白鹿有多震惊，我现在手边还有徐则臣的耶路撒冷,大家可能不看纯文学，谁知道我知道徐则臣的北上女主是白鹿有多震惊，我现在手边还有徐则臣的耶路撒冷,0.9999,0.9999,正向,SnowNLP原始判断,0.9999,正向,SnowNLP原始判断,0.4999,186.9626,False,正向,0.9999,"AI复核失败，保留规则判断结果。错误信息：429 RESOURCE_EXHAUSTED. {'error': {'code': 429, 'message': 'You exceeded your current quota, please check your plan and billing details. For more information on this error, head to: https://ai.google.dev/gemini-api/docs/rate-limits. To monitor your current usage, head to: https://ai.dev/rate-limit. \n* Quota exceeded for metric: generativelanguage.googleapis.com/generate_content_free_tier_requests, limit: 5, model: gemini-2.5-flash\nPlease retry in 43.604305245s.', 'status': 'RESOURCE_EXHAUSTED', 'details': [{'@type': 'type.googleapis.com/google.rpc.Help', 'links': [{'description': 'Learn more about Gemini API quotas', 'url': 'https://ai.google.dev/gemini-api/docs/rate-limits'}]}, {'@type': 'type.googleapis.com/google.rpc.QuotaFailure', 'violations': [{'quotaMetric': 'generativelanguage.googleapis.com/generate_content_free_tier_requests', 'quotaId': 'GenerateRequestsPerMinutePerProjectPerModel-FreeTier', 'quotaDimensions': {'location': 'global', 'model': 'gemini-2.5-flash'}, 'quotaValue': '5'}]}, {'@type': 'type.googleapis.com/google.rpc.RetryInfo', 'retryDelay': '43s'}]}}",0.0,SnowNLP + 规则,AI复核失败，保留规则判断
bilibili,BV1TpjQ6TEQz,116802608695925,hot,J777_Y,440451564,别的无所谓，就是别再说跟李一桐长得像了，哪里像了[辣眼睛]差远了,4,0,2026-06-24 18:22:33,303721633569,别的无所谓，就是别再说跟李一桐长得像了，哪里像了[辣眼睛]差远了,别的无所谓，就是别再说跟李一桐长得像了，哪里像了辣眼睛差远了,0.0588,0.0588,负向,SnowNLP原始判断,0.0588,负向,SnowNLP原始判断,0.4412,1.7648,False,,,,,SnowNLP + 规则,未进入AI复核队列
bilibili,BV1TpjQ6TEQz,116802608695925,hot,韩艾芊,688515896,他现在莫离那部剧是粉丝刷上去的就是弄云包场投钱而且粉丝还集资，跟逐玉一个样虚假泡沫,49,1,2026-06-24 13:36:56,303697921521,他现在莫离那部剧是粉丝刷上去的就是弄云包场投钱而且粉丝还集资，跟逐玉一个样虚假泡沫,他现在莫离那部剧是粉丝刷上去的就是弄云包场投钱而且粉丝还集资，跟逐玉一个样虚假泡沫,0.6208,0.6208,正向,SnowNLP原始判断,0.6208,正向,SnowNLP原始判断,0.12080000000000002,5.9192,False,,,,,SnowNLP + 规则,未进入AI复核队列
bilibili,BV1TpjQ6TEQz,116802608695925,hot,硬币改名改命硬,28812394,于公公喜欢真男人没什么问题吧[吃瓜],3,0,2026-06-24 17:37:50,303717213793,于公公喜欢真男人没什么问题吧[吃瓜],于公公喜欢真男人没什么问题吧吃瓜,0.6207,0.7,正向,正向关键词修正,0.7,正向,正向关键词修正,0.19999999999999996,0.6,False,,,,,SnowNLP + 规则,未进入AI复核队列
bilibili,BV1TpjQ6TEQz,116802608695925,hot,玛卡巴卡巴卡巴卡拉,666679726,好像那种精神小妹崩老头的人 让人反感,26,1,2026-06-24 16:21:09,306824028304,好像那种精神小妹崩老头的人 让人反感,好像那种精神小妹崩老头的人 让人反感,0.2124,0.2124,负向,SnowNLP原始判断,0.2124,负向,SnowNLP原始判断,0.28759999999999997,7.4776,False,,,,,SnowNLP + 规则,未进入AI复核队列
bilibili,BV1TpjQ6TEQz,116802608695925,hot,亚连沃克不打碟,253315753,到底从什么时候开始感觉明星都不正常，就不能来点正常人吗，或者讲话做事情能不能过点脑子，有些话讲出来很明显会让大部分人反感的，譬如抑郁症那个，不舒服那个，不累这个，甚至挑衅观众那个黑雪公主也是。[笑哭][笑哭][笑哭]还是我自己的问题，不应该计较那么多,49,5,2026-06-24 11:52:12,303687579409,到底从什么时候开始感觉明星都不正常，就不能来点正常人吗，或者讲话做事情能不能过点脑子，有些话讲出来很明显会让大部分人反感的，譬如抑郁症那个，不舒服那个，不累这个，甚至挑衅观众那个黑雪公主也是。[笑哭][笑哭][笑哭]还是我自己的问题，不应该计较那么多,到底从什么时候开始感觉明星都不正常，就不能来点正常人吗，或者讲话做事情能不能过点脑子，有些话讲出来很明显会让大部分人反感的，譬如抑郁症那个，不舒服那个，不累这个，甚至挑衅观众那个黑雪公主也是。笑哭笑哭笑哭还是我自己的问题，不应该计较那么多,0.9875,0.2,负向,焦虑/恐惧类表达修正,0.2,负向,焦虑/恐惧类表达修正,0.3,14.7,False,,,,,SnowNLP + 规则,未进入AI复核队列
bilibili,BV1TpjQ6TEQz,116802608695925,hot,内涵的诗人-腾零,156947664,看完只觉得她像是人生开挂了一样，背后绝对有靠山而且还是很大的靠山，让她能够各种肆意妄为，各种资源倾斜，各种偏袒优待,54,0,2026-06-24 11:50:51,303687540241,看完只觉得她像是人生开挂了一样，背后绝对有靠山而且还是很大的靠山，让她能够各种肆意妄为，各种资源倾斜，各种偏袒优待,看完只觉得她像是人生开挂了一样，背后绝对有靠山而且还是很大的靠山，让她能够各种肆意妄为，各种资源倾斜，各种偏袒优待,0.6838,0.6838,正向,SnowNLP原始判断,0.6838,正向,SnowNLP原始判断,0.18379999999999996,9.9252,False,,,,,SnowNLP + 规则,未进入AI复核队列
bilibili,BV1TpjQ6TEQz,116802608695925,hot,ArcadiaeViator,518747161,无才无德颜值一般竟然能同时卖给这么多权势人物，白鹿也真是个人物了。是不是那些男人美女玩腻了开始喜欢搞GAY了,3,0,2026-06-24 17:07:22,303714416609,无才无德颜值一般竟然能同时卖给这么多权势人物，白鹿也真是个人物了。是不是那些男人美女玩腻了开始喜欢搞GAY了,无才无德颜值一般竟然能同时卖给这么多权势人物，白鹿也真是个人物了。是不是那些男人美女玩腻了开始喜欢搞GAY了,0.0059,0.7,正向,正向关键词修正,0.7,正向,正向关键词修正,0.19999999999999996,0.6,False,,,,,SnowNLP + 规则,未进入AI复核队列
bilibili,BV1TpjQ6TEQz,116802608695925,hot,bili_355370667,355370667,这算不算精神小妹崩老头的天花板，白鹿这得带坏多少小孩,94,0,2026-06-24 13:54:05,303699188385,这算不算精神小妹崩老头的天花板，白鹿这得带坏多少小孩,这算不算精神小妹崩老头的天花板，白鹿这得带坏多少小孩,0.0128,0.0128,负向,SnowNLP原始判断,0.0128,负向,SnowNLP原始判断,0.4872,45.7968,False,,,,,SnowNLP + 规则,未进入AI复核队列
bilibili,BV1TpjQ6TEQz,116802608695925,hot,天晴不见雪,660086100,粉随正主，真是牛啤[热],81,6,2026-06-24 11:20:48,306797729328,粉随正主，真是牛啤[热],粉随正主，真是牛啤热,0.776,0.776,正向,SnowNLP原始判断,0.776,正向,SnowNLP原始判断,0.276,22.356,False,,,,,SnowNLP + 规则,未进入AI复核队列
bilibili,BV1TpjQ6TEQz,116802608695925,hot,Coups的佳,246175238,所以她的嘴为啥那样？[无语],158,8,2026-06-24 10:08:35,306791919840,所以她的嘴为啥那样？[无语],所以她的嘴为啥那样？无语,0.0302,0.0302,负向,SnowNLP原始判断,0.0302,负向,SnowNLP原始判断,0.4698,74.2284,False,负向,0.0302,"AI复核失败，保留规则判断结果。错误信息：429 RESOURCE_EXHAUSTED. {'error': {'code': 429, 'message': 'You exceeded your current quota, please check your plan and billing details. For more information on this error, head to: https://ai.google.dev/gemini-api/docs/rate-limits. To monitor your current usage, head to: https://ai.dev/rate-limit. \n* Quota exceeded for metric: generativelanguage.googleapis.com/generate_content_free_tier_requests, limit: 5, model: gemini-2.5-flash\nPlease retry in 27.920037117s.', 'status': 'RESOURCE_EXHAUSTED', 'details': [{'@type': 'type.googleapis.com/google.rpc.Help', 'links': [{'description': 'Learn more about Gemini API quotas', 'url': 'https://ai.google.dev/gemini-api/docs/rate-limits'}]}, {'@type': 'type.googleapis.com/google.rpc.QuotaFailure', 'violations': [{'quotaMetric': 'generativelanguage.googleapis.com/generate_content_free_tier_requests', 'quotaId': 'GenerateRequestsPerMinutePerProjectPerModel-FreeTier', 'quotaDimensions': {'location': 'global', 'model': 'gemini-2.5-flash'}, 'quotaValue': '5'}]}, {'@type': 'type.googleapis.com/google.rpc.RetryInfo', 'retryDelay': '27s'}]}}",0.0,SnowNLP + 规则,AI复核失败，保留规则判断
bilibili,BV1TpjQ6TEQz,116802608695925,hot,错版河图,44951494,00:36 此处白的粉丝说是眼保健操，笑嘻了,485,7,2026-06-24 10:17:00,303680031009,00:36 此处白的粉丝说是眼保健操，笑嘻了,00:36 此处白的粉丝说是眼保健操，笑嘻了,0.4039,0.4039,中立,SnowNLP原始判断,0.4039,中立,SnowNLP原始判断,0.09610000000000002,46.6085,False,,,,,SnowNLP + 规则,未进入AI复核队列
bilibili,BV1TpjQ6TEQz,116802608695925,hot,想取得名字都已存在,1062368511,现在不是不允许演双男主文了吗？为什么白鹿还可以呀[doge]背后金主真的还是挺给力的，该保的时候就保。,36,0,2026-06-24 14:59:24,306817649456,现在不是不允许演双男主文了吗？为什么白鹿还可以呀[doge]背后金主真的还是挺给力的，该保的时候就保。,现在不是不允许演双男主文了吗？为什么白鹿还可以呀doge背后金主真的还是挺给力的，该保的时候就保。,0.9888,0.35,负向,反问/质疑句式修正,0.35,负向,反问/质疑句式修正,0.15000000000000002,5.4,False,,,,,SnowNLP + 规则,未进入AI复核队列
bilibili,BV1TpjQ6TEQz,116802608695925,hot,包了个包子1213446,276899015,江苏这个事，如果纪委下来查，白鹿估计包进去,11,0,2026-06-24 15:33:41,306820332032,江苏这个事，如果纪委下来查，白鹿估计包进去,江苏这个事，如果纪委下来查，白鹿估计包进去,0.0405,0.0405,负向,SnowNLP原始判断,0.0405,负向,SnowNLP原始判断,0.4595,5.0545,False,,,,,SnowNLP + 规则,未进入AI复核队列
bilibili,BV1TpjQ6TEQz,116802608695925,hot,expelliarmuss-,1229607946,受不了，看到的全是她的牙，演戏的时候牙最用力,25,1,2026-06-24 13:54:13,306812614912,受不了，看到的全是她的牙，演戏的时候牙最用力,受不了，看到的全是她的牙，演戏的时候牙最用力,0.2193,0.2193,负向,SnowNLP原始判断,0.2193,负向,SnowNLP原始判断,0.2807,7.0175,False,,,,,SnowNLP + 规则,未进入AI复核队列
bilibili,BV1TpjQ6TEQz,116802608695925,hot,一个成熟的柚子,14014844,前几年长月烬明出的时候，白鹿和罗云熙就被喷惨了，我记得那时候白鹿就被扒了b站一片骂声，结果之后罗云熙没咋看到了，白鹿一点影响也没[喜极而泣][喜极而泣],10,0,2026-06-24 17:53:41,306832433056,前几年长月烬明出的时候，白鹿和罗云熙就被喷惨了，我记得那时候白鹿就被扒了b站一片骂声，结果之后罗云熙没咋看到了，白鹿一点影响也没[喜极而泣][喜极而泣],前几年长月烬明出的时候，白鹿和罗云熙就被喷惨了，我记得那时候白鹿就被扒了b站一片骂声，结果之后罗云熙没咋看到了，白鹿一点影响也没喜极而泣喜极而泣,0.9987,0.9987,正向,SnowNLP原始判断,0.9987,正向,SnowNLP原始判断,0.49870000000000003,4.987,False,,,,,SnowNLP + 规则,未进入AI复核队列
bilibili,BV1TpjQ6TEQz,116802608695925,hot,无敌阿笑笑笑,38092585,之前一直分不清李一桐和白鹿，现在只觉得李一桐好美,21,1,2026-06-24 11:00:14,303683360433,之前一直分不清李一桐和白鹿，现在只觉得李一桐好美,之前一直分不清李一桐和白鹿，现在只觉得李一桐好美,0.5732,0.5732,中立,SnowNLP原始判断,0.5732,中立,SnowNLP原始判断,0.07320000000000004,1.5372,False,,,,,SnowNLP + 规则,未进入AI复核队列
bilibili,BV1TpjQ6TEQz,116802608695925,hot,姬星玲音,8097174,现在所有的瓜串联起来，我好像知道他为什么一直强调自己是个男的,2,0,2026-06-24 19:26:18,303728363777,现在所有的瓜串联起来，我好像知道他为什么一直强调自己是个男的,现在所有的瓜串联起来，我好像知道他为什么一直强调自己是个男的,0.5926,0.5926,中立,SnowNLP原始判断,0.5926,中立,SnowNLP原始判断,0.09260000000000002,0.1852,False,,,,,SnowNLP + 规则,未进入AI复核队列
bilibili,BV1TpjQ6TEQz,116802608695925,hot,8個鴨肉,3493108576684885,一開始的露絲好可愛呀 求求他回歸原本的樣子好嗎🥹,34,5,2026-06-24 16:09:57,303709544481,一開始的露絲好可愛呀 求求他回歸原本的樣子好嗎🥹,一開始的露絲好可愛呀 求求他回歸原本的樣子好嗎,0.0405,0.0405,负向,SnowNLP原始判断,0.0405,负向,SnowNLP原始判断,0.4595,15.623,False,,,,,SnowNLP + 规则,未进入AI复核队列
bilibili,BV1TpjQ6TEQz,116802608695925,hot,截图导师克苏恩,350287870,这个场面当年巨出名，各大up全都吐槽[笑哭],247,1,2026-06-24 16:10:21,303709505137,这个场面当年巨出名，各大up全都吐槽[笑哭],这个场面当年巨出名，各大up全都吐槽笑哭,0.8418,0.8418,正向,SnowNLP原始判断,0.8418,正向,SnowNLP原始判断,0.3418,84.4246,False,正向,0.8418,"AI复核失败，保留规则判断结果。错误信息：429 RESOURCE_EXHAUSTED. {'error': {'code': 429, 'message': 'You exceeded your current quota, please check your plan and billing details. For more information on this error, head to: https://ai.google.dev/gemini-api/docs/rate-limits. To monitor your current usage, head to: https://ai.dev/rate-limit. \n* Quota exceeded for metric: generativelanguage.googleapis.com/generate_content_free_tier_requests, limit: 5, model: gemini-2.5-flash\nPlease retry in 29.818375687s.', 'status': 'RESOURCE_EXHAUSTED', 'details': [{'@type': 'type.googleapis.com/google.rpc.Help', 'links': [{'description': 'Learn more about Gemini API quotas', 'url': 'https://ai.google.dev/gemini-api/docs/rate-limits'}]}, {'@type': 'type.googleapis.com/google.rpc.QuotaFailure', 'violations': [{'quotaMetric': 'generativelanguage.googleapis.com/generate_content_free_tier_requests', 'quotaId': 'GenerateRequestsPerMinutePerProjectPerModel-FreeTier', 'quotaDimensions': {'location': 'global', 'model': 'gemini-2.5-flash'}, 'quotaValue': '5'}]}, {'@type': 'type.googleapis.com/google.rpc.RetryInfo', 'retryDelay': '29s'}]}}",0.0,SnowNLP + 规则,AI复核失败，保留规则判断
bilibili,BV1TpjQ6TEQz,116802608695925,hot,驯狗达人速成记,3546720208161046,其实娱乐圈都这样 内娱现在连个高中以上学历都没有的男女明星还少啊[笑哭][笑哭],41,2,2026-06-24 16:47:40,306826278496,其实娱乐圈都这样 内娱现在连个高中以上学历都没有的男女明星还少啊[笑哭][笑哭],其实娱乐圈都这样 内娱现在连个高中以上学历都没有的男女明星还少啊笑哭笑哭,0.9591,0.9591,正向,SnowNLP原始判断,0.9591,正向,SnowNLP原始判断,0.45909999999999995,18.8231,False,,,,,SnowNLP + 规则,未进入AI复核队列
bilibili,BV1TpjQ6TEQz,116802608695925,hot,谜之铲屎官,14730884,我以为会扒一扒她为啥资源那么好，结果没啥新鲜东西。感觉她有点女版刘宇宁？都是没啥背景但是在圈内很吃得开,2,0,2026-06-24 19:25:38,303728282561,我以为会扒一扒她为啥资源那么好，结果没啥新鲜东西。感觉她有点女版刘宇宁？都是没啥背景但是在圈内很吃得开,我以为会扒一扒她为啥资源那么好，结果没啥新鲜东西。感觉她有点女版刘宇宁？都是没啥背景但是在圈内很吃得开,0.2284,0.2284,负向,检测到转折句，优先分析转折后内容,0.2284,负向,检测到转折句，优先分析转折后内容,0.2716,0.5432,False,,,,,SnowNLP + 规则,未进入AI复核队列
bilibili,BV1TpjQ6TEQz,116802608695925,hot,14943821906_bili,337119577,我上面有人,545,0,2026-06-24 11:00:26,303683276737,我上面有人,我上面有人,0.5543,0.5543,中立,SnowNLP原始判断,0.5543,中立,SnowNLP原始判断,0.054300000000000015,29.5935,False,,,,,SnowNLP + 规则,未进入AI复核队列
bilibili,BV1TpjQ6TEQz,116802608695925,hot,普朗克洞潜,112227540,这种精神小妹崩老头最狠了,5,0,2026-06-24 16:43:16,306825864208,这种精神小妹崩老头最狠了,这种精神小妹崩老头最狠了,0.1677,0.1677,负向,SnowNLP原始判断,0.1677,负向,SnowNLP原始判断,0.33230000000000004,1.6615,False,,,,,SnowNLP + 规则,未进入AI复核队列
bilibili,BV1TpjQ6TEQz,116802608695925,hot,一墨鱼鱼鱼鱼,24512175,到底有什么办法能够再也刷不到他……这种热闹我又很想凑。毕竟热一。难道真的要看到过年吗？[笑哭][笑哭][笑哭],77,5,2026-06-24 15:36:24,303706894385,到底有什么办法能够再也刷不到他……这种热闹我又很想凑。毕竟热一。难道真的要看到过年吗？[笑哭][笑哭][笑哭],到底有什么办法能够再也刷不到他这种热闹我又很想凑。毕竟热一。难道真的要看到过年吗？笑哭笑哭笑哭,0.0046,0.0046,负向,SnowNLP原始判断,0.0046,负向,SnowNLP原始判断,0.4954,38.1458,False,,,,,SnowNLP + 规则,未进入AI复核队列
bilibili,BV1TpjQ6TEQz,116802608695925,hot,浪浪福福,85683951,他是男的。不是高干女主= =是男人,44,2,2026-06-24 10:41:55,303681928993,他是男的。不是高干女主= =是男人,他是男的。不是高干女主 是男人,0.7636,0.7636,正向,SnowNLP原始判断,0.7636,正向,SnowNLP原始判断,0.26359999999999995,11.5984,False,,,,,SnowNLP + 规则,未进入AI复核队列
bilibili,BV1TpjQ6TEQz,116802608695925,hot,MoCuishle老莫,441015559,虽然吧，但是她（他）真的是我们常州人[笑哭],115,13,2026-06-24 10:18:34,303680062401,虽然吧，但是她（他）真的是我们常州人[笑哭],虽然吧，但是她（他）真的是我们常州人笑哭,0.8647,0.8647,正向,检测到转折句，优先分析转折后内容,0.8647,正向,检测到转折句，优先分析转折后内容,0.3647,41.9405,False,,,,,SnowNLP + 规则,未进入AI复核队列
bilibili,BV1TpjQ6TEQz,116802608695925,hot,花开半夏重逢何时,383703507,bl真不知道她凭啥火的,2,0,2026-06-24 15:52:10,306821599824,bl真不知道她凭啥火的,bl真不知道她凭啥火的,0.3257,0.3257,负向,SnowNLP原始判断,0.3257,负向,SnowNLP原始判断,0.1743,0.3486,False,,,,,SnowNLP + 规则,未进入AI复核队列
bilibili,BV1TpjQ6TEQz,116802608695925,hot,就不答题,503979036,凤囚凰我是冲着宋威龙和关晓彤谈恋爱去看的，结果后半段杀出了赵露思和白鹿，给我干蒙圈弃剧了,74,5,2026-06-24 11:33:37,306798965040,凤囚凰我是冲着宋威龙和关晓彤谈恋爱去看的，结果后半段杀出了赵露思和白鹿，给我干蒙圈弃剧了,凤囚凰我是冲着宋威龙和关晓彤谈恋爱去看的，结果后半段杀出了赵露思和白鹿，给我干蒙圈弃剧了,0.9835,0.9835,正向,SnowNLP原始判断,0.9835,正向,SnowNLP原始判断,0.48350000000000004,35.779,False,,,,,SnowNLP + 规则,未进入AI复核队列
bilibili,BV1TpjQ6TEQz,116802608695925,hot,铁胆神猴12138,1990368152,其实说明他们圈子内的嘴还是挺紧的，这么多年没让老百姓知道,17,1,2026-06-24 14:18:33,303701094273,其实说明他们圈子内的嘴还是挺紧的，这么多年没让老百姓知道,其实说明他们圈子内的嘴还是挺紧的，这么多年没让老百姓知道,0.9144,0.9144,正向,SnowNLP原始判断,0.9144,正向,SnowNLP原始判断,0.4144,7.0448,False,,,,,SnowNLP + 规则,未进入AI复核队列
bilibili,BV1TpjQ6TEQz,116802608695925,hot,十肆木笔,1037710833,观察好久了，为什么她讲话嘴唇是撅出来的，试了下这样压根讲不了几句嘴唇就绷的难受,392,16,2026-06-24 10:34:15,306793964688,观察好久了，为什么她讲话嘴唇是撅出来的，试了下这样压根讲不了几句嘴唇就绷的难受,观察好久了，为什么她讲话嘴唇是撅出来的，试了下这样压根讲不了几句嘴唇就绷的难受,0.3908,0.2,负向,焦虑/恐惧类表达修正,0.2,负向,焦虑/恐惧类表达修正,0.3,117.6,False,负向,0.2,"AI复核失败，保留规则判断结果。错误信息：429 RESOURCE_EXHAUSTED. {'error': {'code': 429, 'message': 'You exceeded your current quota, please check your plan and billing details. For more information on this error, head to: https://ai.google.dev/gemini-api/docs/rate-limits. To monitor your current usage, head to: https://ai.dev/rate-limit. \n* Quota exceeded for metric: generativelanguage.googleapis.com/generate_content_free_tier_requests, limit: 5, model: gemini-2.5-flash\nPlease retry in 34.589359812s.', 'status': 'RESOURCE_EXHAUSTED', 'details': [{'@type': 'type.googleapis.com/google.rpc.Help', 'links': [{'description': 'Learn more about Gemini API quotas', 'url': 'https://ai.google.dev/gemini-api/docs/rate-limits'}]}, {'@type': 'type.googleapis.com/google.rpc.QuotaFailure', 'violations': [{'quotaMetric': 'generativelanguage.googleapis.com/generate_content_free_tier_requests', 'quotaId': 'GenerateRequestsPerMinutePerProjectPerModel-FreeTier', 'quotaDimensions': {'location': 'global', 'model': 'gemini-2.5-flash'}, 'quotaValue': '5'}]}, {'@type': 'type.googleapis.com/google.rpc.RetryInfo', 'retryDelay': '34s'}]}}",0.0,SnowNLP + 规则,AI复核失败，保留规则判断
bilibili,BV1TpjQ6TEQz,116802608695925,hot,quliquliq,3546738939922989,难怪现在黑她的这么多，太狂了[笑哭],67,8,2026-06-24 10:12:53,303679753185,难怪现在黑她的这么多，太狂了[笑哭],难怪现在黑她的这么多，太狂了笑哭,0.3591,0.3591,负向,SnowNLP原始判断,0.3591,负向,SnowNLP原始判断,0.14090000000000003,9.4403,False,,,,,SnowNLP + 规则,未进入AI复核队列
bilibili,BV1TpjQ6TEQz,116802608695925,hot,啊啊嘎嘎嘎哈哈,492188119,bl长得好像以前那个dy很火的针对中老年的博主啊,19,2,2026-06-24 15:36:42,306820504128,bl长得好像以前那个dy很火的针对中老年的博主啊,bl长得好像以前那个dy很火的针对中老年的博主啊,0.396,0.396,负向,SnowNLP原始判断,0.396,负向,SnowNLP原始判断,0.10399999999999998,1.976,False,,,,,SnowNLP + 规则,未进入AI复核队列
bilibili,BV1TpjQ6TEQz,116802608695925,hot,斗斗萌,25121358,看三分之一看不下去了，溜了溜了。希望她退圈。,12,0,2026-06-24 10:21:46,306792874112,看三分之一看不下去了，溜了溜了。希望她退圈。,看三分之一看不下去了，溜了溜了。希望她退圈。,0.0927,0.7,正向,正向关键词修正,0.7,正向,正向关键词修正,0.19999999999999996,2.4,False,,,,,SnowNLP + 规则,未进入AI复核队列
bilibili,BV1TpjQ6TEQz,116802608695925,hot,浅睡の狈,137346558,白鹿的首字母就是bl，双男主剧不是很合理吗，有什么好大惊小怪的,15,0,2026-06-24 19:03:31,303725901153,白鹿的首字母就是bl，双男主剧不是很合理吗，有什么好大惊小怪的,白鹿的首字母就是bl，双男主剧不是很合理吗，有什么好大惊小怪的,0.9476,0.9476,正向,SnowNLP原始判断,0.9476,正向,SnowNLP原始判断,0.4476,6.714,False,,,,,SnowNLP + 规则,未进入AI复核队列
bilibili,BV1TpjQ6TEQz,116802608695925,hot,-熹妃回宫,3546616671766935,记下来，如男人一般就会事业运爆棚[OK]bushi,4,0,2026-06-24 18:02:24,306833369360,记下来，如男人一般就会事业运爆棚[OK]bushi,记下来，如男人一般就会事业运爆棚OKbushi,0.9172,0.9172,正向,SnowNLP原始判断,0.9172,正向,SnowNLP原始判断,0.4172,1.6688,False,,,,,SnowNLP + 规则,未进入AI复核队列
bilibili,BV1TpjQ6TEQz,116802608695925,hot,泡泡泡泡大鲨鱼,588872019,背后真有人,4,0,2026-06-24 17:49:36,306831918336,背后真有人,背后真有人,0.8351,0.8351,正向,SnowNLP原始判断,0.8351,正向,SnowNLP原始判断,0.33509999999999995,1.3404,False,,,,,SnowNLP + 规则,未进入AI复核队列
bilibili,BV1TpjQ6TEQz,116802608695925,hot,wykane,33977645,原来她的症状一直这么稳定,9,1,2026-06-24 12:22:41,306803656512,原来她的症状一直这么稳定,原来她的症状一直这么稳定,0.7478,0.7478,正向,SnowNLP原始判断,0.7478,正向,SnowNLP原始判断,0.24780000000000002,2.2302,False,,,,,SnowNLP + 规则,未进入AI复核队列
bilibili,BV1TpjQ6TEQz,116802608695925,hot,day--_--dream,1976560555,感觉这期不是很深入啊，圆子下期能不能上强度,2,0,2026-06-24 18:56:00,303725200641,感觉这期不是很深入啊，圆子下期能不能上强度,感觉这期不是很深入啊，圆子下期能不能上强度,0.5241,0.5241,中立,SnowNLP原始判断,0.5241,中立,SnowNLP原始判断,0.02410000000000001,0.0482,False,,,,,SnowNLP + 规则,未进入AI复核队列
bilibili,BV1TpjQ6TEQz,116802608695925,hot,-聊赖-,389750932,有人问他为什么经常出事一段时间之后马上资源又恢复了，答案不就在弹幕和评论区，即使他这么多事被爆出来还有人坚持说这没什么问题呢,3,0,2026-06-24 19:38:26,306843557680,有人问他为什么经常出事一段时间之后马上资源又恢复了，答案不就在弹幕和评论区，即使他这么多事被爆出来还有人坚持说这没什么问题呢,有人问他为什么经常出事一段时间之后马上资源又恢复了，答案不就在弹幕和评论区，即使他这么多事被爆出来还有人坚持说这没什么问题呢,0.1615,0.1615,负向,SnowNLP原始判断,0.1615,负向,SnowNLP原始判断,0.3385,1.0155,False,,,,,SnowNLP + 规则,未进入AI复核队列
bilibili,BV1TpjQ6TEQz,116802608695925,hot,十月初五的目光,10955275,因为这样的人上位，好演员才没戏拍，坚决抵制[嫌弃],60,0,2026-06-24 12:23:26,303690709201,因为这样的人上位，好演员才没戏拍，坚决抵制[嫌弃],因为这样的人上位，好演员才没戏拍，坚决抵制嫌弃,0.8922,0.8922,正向,SnowNLP原始判断,0.8922,正向,SnowNLP原始判断,0.3922,23.532,False,,,,,SnowNLP + 规则,未进入AI复核队列
bilibili,BV1TpjQ6TEQz,116802608695925,hot,祂不在的星期八,10980010,我真好奇现在的这种仙侠剧脸特别白特别假妆造也不行，真有人看吗[笑哭]光看up截取的一段，粗制滥造的感觉扑面而来,4,0,2026-06-24 10:19:39,306792813904,我真好奇现在的这种仙侠剧脸特别白特别假妆造也不行，真有人看吗[笑哭]光看up截取的一段，粗制滥造的感觉扑面而来,我真好奇现在的这种仙侠剧脸特别白特别假妆造也不行，真有人看吗笑哭光看up截取的一段，粗制滥造的感觉扑面而来,0.9517,0.9517,正向,SnowNLP原始判断,0.9517,正向,SnowNLP原始判断,0.4517,1.8068,False,,,,,SnowNLP + 规则,未进入AI复核队列
bilibili,BV1TpjQ6TEQz,116802608695925,hot,网友小魏_,98374117,美美美[星星眼],579,12,2026-06-24 10:30:20,306793641168,美美美[星星眼],美美美星星眼,0.995,0.995,正向,SnowNLP原始判断,0.995,正向,SnowNLP原始判断,0.495,286.605,False,正向,0.995,"AI复核失败，保留规则判断结果。错误信息：429 RESOURCE_EXHAUSTED. {'error': {'code': 429, 'message': 'You exceeded your current quota, please check your plan and billing details. For more information on this error, head to: https://ai.google.dev/gemini-api/docs/rate-limits. To monitor your current usage, head to: https://ai.dev/rate-limit. \n* Quota exceeded for metric: generativelanguage.googleapis.com/generate_content_free_tier_requests, limit: 5, model: gemini-2.5-flash\nPlease retry in 51.46288051s.', 'status': 'RESOURCE_EXHAUSTED', 'details': [{'@type': 'type.googleapis.com/google.rpc.Help', 'links': [{'description': 'Learn more about Gemini API quotas', 'url': 'https://ai.google.dev/gemini-api/docs/rate-limits'}]}, {'@type': 'type.googleapis.com/google.rpc.QuotaFailure', 'violations': [{'quotaMetric': 'generativelanguage.googleapis.com/generate_content_free_tier_requests', 'quotaId': 'GenerateRequestsPerMinutePerProjectPerModel-FreeTier', 'quotaDimensions': {'location': 'global', 'model': 'gemini-2.5-flash'}, 'quotaValue': '5'}]}, {'@type': 'type.googleapis.com/google.rpc.RetryInfo', 'retryDelay': '51s'}]}}",0.0,SnowNLP + 规则,AI复核失败，保留规则判断
bilibili,BV1TpjQ6TEQz,116802608695925,hot,一平为方,1413450608,德不配位，好资源全让他糟蹋了，好演员没剧本没戏拍，不影视寒冬才怪,60,0,2026-06-24 10:50:27,306795110336,德不配位，好资源全让他糟蹋了，好演员没剧本没戏拍，不影视寒冬才怪,德不配位，好资源全让他糟蹋了，好演员没剧本没戏拍，不影视寒冬才怪,0.0018,0.0018,负向,SnowNLP原始判断,0.0018,负向,SnowNLP原始判断,0.4982,29.892,False,,,,,SnowNLP + 规则,未进入AI复核队列
bilibili,BV1TpjQ6TEQz,116802608695925,hot,小风一刮舒服,85315768,[热词系列_爱了爱了],51,2,2026-06-24 19:00:59,303725649521,[热词系列_爱了爱了],热词系列爱了爱了,0.9525,0.9525,正向,SnowNLP原始判断,0.9525,正向,SnowNLP原始判断,0.4525,23.0775,False,,,,,SnowNLP + 规则,未进入AI复核队列
bilibili,BV1TpjQ6TEQz,116802608695925,hot,闲得好我,225540510,没人觉得她其实和谢娜有着异曲同工之妙吗,4,0,2026-06-24 18:33:27,306836572288,没人觉得她其实和谢娜有着异曲同工之妙吗,没人觉得她其实和谢娜有着异曲同工之妙吗,0.9157,0.9157,正向,SnowNLP原始判断,0.9157,正向,SnowNLP原始判断,0.41569999999999996,1.6628,False,,,,,SnowNLP + 规则,未进入AI复核队列
